experiment_number,animal_id,genotype,contig_name,contig_sequence,ref_db
25718,r02031,"14_Mamu_DPA1_06g|DPA1_06_01_01,_DPA1_06_01_02,_DPA1_06_02,_DPA1_06_03",r02031_NODE_1_length_1359_cov_95.971591,TGTGTCTTAGAAGAATTAAGACCTTAAGGGTAGAAAAAATCTACTAGTTCCACCAGTAGCTGTATGACCTTGGCCAGTTATTAATATATAACCTCTCTGCATTTCCTTACCTGTAAAATAGTATGCTATGTATTTGCTTCATAGGGTTATTGTGATAATTCAACAAGTGAAATATGTAAAGTATTTAGAAGGATGCCTGGCGCAAGTAAGTGCTCAACAAATGTTAGCTGTCATTGTTACTATTGCTATTTTGTAGGGTCCGGATGCCCAGACTTTCAAAGACCAGGAAGCAGCTTGACTTATCAATGATAAACTTCATTTTGTTCTTCGCTCCTTTCTTTTTATAACTACTCAACTGCTCTGTATTATTTCCTTAATGGTGTTGGTCTCTCTTCCCCATATGTCCTGCCTTTGACCTCTTACCTTCTTCCTTTTTATATTCATAAGTCTTTATTCATTCTCTAGCTTTCACCACTTGCATATTCAAATTGACATTTTGTCATGTTTTTCTCTACTTTCTTTATGCAGCGGACCATGTATCAACTTATGCCATGTTTGTACAGACACATAGACCAACAGGGGAGTTTATGTTTGAGTTTGATGAGGATGAGATGTTCTATGTGGATCTGGACAAGAAGGAGACCGTCTGGCATCTGGAGGAGTTTGGCCAAGCCATTTCCTTTGAGGCTCAGGGCGGGCTGGCTAACATTGCTATATTGAACCACAACTTGAATATCACGATCCAGCGTTCCAACTACACTCAGGCCGCCAATGGTATTGCCTATCTTTGCCTCTTCCTCTGTAGCCCAACTGGAAGGGATGAGAGGGCTTCTCTGCCACCCTTAGACTAGGAAGCCTAAGTGCCCCCTGCTGTGTGATCCTCTTCCCCTAGTGGCCATGGGCTGATCCCACTACAGCAAGGGCTTGCATCCTCTCTTCTCAGGAGAGAGAAAGGTGAGCAGAGTGAGGCTGGTCAGTAGTGTGATACCCCTCTCTGTGATTCAGAGCTGCCATAAAATCTAAGGCTGAGGTAGAGGACCACCCTCTTCCCCCACAAGAGGTGGAGCCTTTGTGATTCATCCCAGAAGAGGGGCCTAACCTGGTGCTCTCTCCTCCCAGATCCCCCTGAGGTGACCGTGTTTCCCAAGGAGCCTGTGGAGCTGGGCCAACCCAACACCCTCATCTGCCACATTGACAAGTTCTTCCCTCCAGTGCTCAACGTCACGTGGCTGTGCAATGGGGAGCCGGTCACTGAGGGTGTCGCTGAGAGCCTCTTCCTGCCCAGAACAGATTATAGCTTCCACAAGTTCCATTACCTGACCTTTGTGCCCTCAGCCGAGGACTACTATGACTGCAGGG,Mamu_MiSeq-IPD_17.06.01_2.2.0.0_plus_SP.fasta
25718,r02031,11_Mamu_DRB_W21_04,r02031_NODE_2_length_1323_cov_78.755853,GCTTTCGCTGCTCTTTTATCTACCCCAGCGGAGTGGAGAGGTCTGTTTTCCCTTGTTTGGATTCCTAGAGGGAGCGCAGGCCAGGCACAAGGTCAGCACTAAGGAAGTGTTCACAGGATGATCGCAGTGGGTGCTGCTGAAGGAACCGGTAAAGCGTGTGGGATGAGAGAAGGAGCAGAGAGTGTCTTTGGGGTGGAGGCTCCCAGGAGTAGGCGGCGCGGACTGCGGTGCTGGGCGGATCCTCCTCCAGTTCCTGCATTGAGTTCTCCAGAACACGCTGGAGGCAGGGAGGGGATCCCCAAAGCCTGGGAATCAGAAGGGGTTTTCCCGCACGGTTCCCCAGGCCCCCGTTCGCCTCAGGAAGACTGAGGATGAGCCCCTGGGCTGCTGGCGGGCGGTGCGGGTGGGACCGGTTAAGGTTCCCAGTGCCCGCACCCGCCCAGGAGCCCCGGATGGCGGCGTCGCTGTCAGTGTCTTCTCAGGAGGCCGCCCGTGTGACCGGATCCTTCGTGTCCCCACAGCACGTTTCTTGGAGCAGGTTAAGTCTGAGTGTCATTTCTTCAATGGGACGGAGCGGGTGCGGTTCCTGGAGAGATACTTCTATAACCAGGAGGAGTACGTGCGCTTCGACAGCGACATGGGGGAGTACCGGGCGGTGTCGGAGCTGGGGCGGCCTGACGCCGAGTACTGGAACGGCCAGAAGGGCTACCTGGAGCAGAAGCGGGGCCAGGTTGACAACTACTGCAGATACAACTACCGGGTTGGTGAGAGCTTCACAGTGCAGCGGCGAGGTGAGCGCGGCGGGGGCGGGGCCTGGGTCCCTGTGAACTGGAAATCTGAGTGTGTGTGTGTGTGTGTGTGTGTGTGTGTGTGTGTGTGTGTGAGAGAGAGAGAGAGAGACAGACAGAGACAGAGAGAGAGAGCGCCGTCTGTGAGCATTTAGAATCCTCTCTATCCTGAGCAAGCAGTTCTGAGGGCACAGGTGTGTGTAAAGTGTGGATGTGTCTGTGTGTCTGTTGTAGGAGGGGAGGCAGGAGGGGGCTGCTTCTTATCCTTGGAGGCCTCTGTGGGGAGGTGACATGGGAGGTGGGTGCAGGGGGCTGGAGAGAGAGGAGACCTTGATTGTCTCCGGTCCTTACAGATGCAGGGAAGGGAAATATAAAGGGTGTGTGGTTGGGGTGAAGGTTTAGGGGAGGAGAGCTGAGGGGTAAGGAAGGTTGGGGATAATGTGAGGATGCCAGTTCCAGACTGTCCGTGGCACACACCCTTCATATAATCTCTGAAATAAAAGCGTGTGGTGTTTGTAAAAGCATTAGATGAATT,Mamu_MiSeq-IPD_17.06.01_2.2.0.0_plus_SP.fasta
25718,r02031,"11_Mamu_DRB_W26g|DRB_W26_03,_DRB_W26_04",r02031_NODE_3_length_1321_cov_83.821608,CTAGAACTCCCCACTTCTGACATTTCTCATTCCTGTCTAAGCTCTTGTGTGTTTGGTTTTTGTCCATGACTTTCACTGCTCTTTAAGCTCCCCCAGCAGAGTGGAGAGGTCTGTTTTCCCTTGTTTGGATTCCTAGAGGCAGCGCAGGCCAGGCACAAGGTCAGCACTAAGGAAGTGTTCACAGGGGGATCGCGGTGGGTGCTGCTGAAGTAAAGCCTGTGGGATGAGAGAAGGAGCAGAGTGTCTTTGGGGTGGAGGCTCCCAGGAGGAGACGACGCGGGCTGCGATGCTGGGCGGATCCTCCTCCAGCTCCTGCATTGAGTTCTCCAGAACAGGCTGGAGGCAGGGAGGGGTTTCCAAAAGACTGGGGATCAGAAGGGGTTTTCCCGCCTGGTCTCCCAGGCCCCCGTTCGCCTCAGGAAGACGGAGGATGAGCCCCTGGGCTGCTGGGGGTGGGCGGTGCGGGTGGGGCCGGTTAAGGTTCCCAGTGCCCGCACCCCGCCCAGGGAGCCCCGGATGGCGGCGTCGCTGTCAGTGTCTTCTCAGGAGGCCGCCCGTGTGACCGGATCCTTCGTGTCCCCACAGCACGTTTCTTGGAGCAGGCTAAGTGTGAGTGTCACTTCTTCAATGGGACGGAGCGGGTGCGGTTCCTGGAGAGACACTTCTATAACCAGGAGGAGTTCGTGCGCTTCGACAGCGACGTGGGGGAGTACCGGGCGGTGACGGAACTGGGGAGGCCTGCAGCCGAGTACTGGAACGGCCAGAAGGACTTCCTGGAAGACAGGCGGGCCCAGGTGGACACCGTGTGCAGACACAACTACGGGGTTTTTGAGAGCTTCACAGTGCAGCGGCGAGGTGAGCGCGGCGGGGGCGGGGCCTGGGTCCCTGTGAGCTGGGAATCTGAGTGTGTGTGTGTGTGTGTGTGTGAGAGAGAGAGAGAGAGAGAGAGAGAGCCATCTGTGAGCATTCAGAATCCTCTCAATCCCGAGCAAGCAGTTCTGAGGGCACAGGTGTGTGTGTAGAGTGTGGATTTGTCTGTGTGTCTGTTGTGGGAGGGGAAGCAGGAGCGGGCTGCTTCTTATCCTTGGAGGCCTCTGTGGGGAGGTGACATGGGAGTTGGGTGCAGGGGACTGGAGAGAGAGGAGACCTTGATTGTCCTGGGTCCTTAGAGATGCGGGGAAGGGAAATGTAAGGTGTATGTGGTTGGGGTGAAGGTTTGGGGGAGGAGAGCTGAGGGGTCTGGAAGGTTTGGGGTAACGTGAGGAGGCCAGTTCCAGACTGTCCCTGGCACACACCCTTCATGTAATCTCTGAAATAAAAG,Mamu_MiSeq-IPD_17.06.01_2.2.0.0_plus_SP.fasta
25718,r02031,"16_Mamu_E_02g8|E_02_20,_E_02_30",r02031_NODE_4_length_1313_cov_17.358347,CCTCGTGCGTGGCTGTCAGGGTCTCAGGCCCCAAGGGCAGAGTGTGGAGACCTGGGGCAGCGTTGGGGATTCCACACCACTTTCATTTCCTCTCGTGACCTGGTAGTGTCCTTCTTCCTGGATACTCATGACGCACACTCAGTTCTCATTCCCAATGGGTGTCGGGTTTCTAGAGAAGCCAATCAGCGTCGCCACGACTCCTGACTATAAAGTCCCCACGCACCCAACCAGATTCAGGAGGCTCTACCGACTCAGAGGATGGCGTCATGGCACTAGGAAGCCTACTTCTGCTCTCAGCACTTACCAAGACCTGGGCGGGTGAGTGCGGGGTCGGGATGGAAGCGGCCTCTACCCGGAGGAGAGAGGGGCCGGACCGGCGGGGGCGCAGGACTCGGGGAGCCTCCGGGAGTGGGGCCGGACCGGTCTCAGCCCCTCCTCGCCCCCAGGCTCCCACTCCTTGAAGTATTTCCACACCGCCGTGTCCCGGCCCGGCTGCGTGGAGCCCCGCTTCATCTTCGTGGGCTACGTGGACGACACCCAGTTCGTGCGGTTCGACAGCGATGCCGCGAATCCGAGGATGCAGCCGCGGGCGCCATGGATGGAGCAGGAGGGGCCGGAGTATTGGGACCAGGAGACACGCAGAGCCAGGGACACCGCACAGACTTTACGAGTGAAACTGAAGACCCTGCGCGGCTACTACAACCAGAGCGAGGCCGGTGAGTGACCCCGGCCCGGGGCGCAGGTCACGACCCCTCCCCATCCCTCACGGATAACGCGGGTCCCCTCGAGTCTCCGGGTCCGAGATTCACCCCCAGGCTGCGGAACCCGCCCAGACCCTCGACCCGGCAGAGTCCCAGGCTCCTTTACCCCGTTTCATTTTCAGTTTAGGCCACAATCCCTGCGGGTTGGCGGCGACAGGGGCGGGGCTCGGCGGGCGGGACTGACTAGCGGGCGGGGCCAGGGTCTCATACCCTCCAGTGGATGTATGGCTGCGACCTGGGGCCCGACGGGCGCTTCCTCCGCGAGTATGAACAGTTCGCCTACGACGGCAAGGATTATCTCACCCTGAATGAGGACCTGCGCTCCTGGTCCGCGGTGGACACGGCGGCTCAAATCTCCGAGCAAAAGTCAAATGATGGCGGTGAGGCGGAGCACCAGAGAGCCTACCTGGAAGACACATGCGTGGAGTGGCTCCGCAGATACCTGGAGAATGGGAAGGAGACGCTGCAACGCCCGGGTAAGACGGTCCACAGGGCTACTCTCCCATCTCCTTCTTGGGCTAGGACTGTGCCCACAGCTGACAGACCTCAAAC,Mamu_MiSeq-IPD_17.06.01_2.2.0.0_plus_SP.fasta
25718,r02031,"01_Mamu_A1_001g2|A1_001_01,_A1_001_02",r02031_NODE_5_length_1299_cov_29.290956,GGTGTGGCTCTCTGGGTCTCAGGCCCCAAAGGCGGTGTATGGATTGGGGAGTCCCAGCGTTGGGGATTCCCCATCTCCGCAGTTTCTCTTCTTCTCACAACCTGCGTCGAGTCCTTCTTCCTGGATACTCACGACGCGAACCCCGTTCTCACTCCCATTGGGTGTCGGTTTCTAGAGATGCCAATCAGCGTCGCCGCAGTCCCGGTTCTAAAGTCCCCACTCACCCTCCAGGACTCAGATTCTCCGCAGACGCCAAGGATGGCGATCATGGCGCCCCGAACCCTCCTCCTGGTGCTCTCAGGGGCCCTGGTCCTGACCCAGACCCGGGCGGGTGAGTGCGGGGTCGGGAGGGAAATGGCCTCTGCGGGGAGCAGCGAGGGGCCCGCCCGGCGGGGGCGCAGGACCCGGGGAGCCGCGCGGGGAGGAGGGTCGGGCGGGTCTCAGCCTCTCCTCGCCCCCAGGCTCTCACTCCATGAAGTATTTCTACACCTCCATGTCCCGGCCCGGCCGCGGGCAGCCCCGCTTCATCGCCGTGGGCTACGTGGACGACACGCAGTTCGTGCGGTTCGACAGCGACGCCGCGAGCCAAAGGATGGAGCCGCGGGCGCCGTGGGTGGAGCAGGAGGGTCCGGAGTATTGGGACCGGGAGACACGGAACATGAAGACCGAGACACAGAATGCCCCAGTGAACCTGCGGACCCTGCTCCGCTACTACAACCAGAGCGAGGCCGGTGAGTGACCCCGGCCCGGGGCGCAGGTCACGACCCCTCCGCATCCCCCACGGACGGCCCGCGTCGCCCCGAGTCTCCGGGTCCCAGATCCAACCCGAAGCCTCGGGACCCGGGGACCCTTGACCCGGGAGAGCCCCAGGCGCCTTTACCCGGTTTCATTTTCAGTTGAGGCCAAAATCCCCGCGGGTTGGTCGGGGCGGGGCGAGGCTTGGTGGGCGGGGCTGACCGCGGGGGCGGGGCCAGGGTCTCACACCCTCCAGAGGATGGTTGGCTGCGACCTGGGGCCCGACGGGCGCCTCCTCCGCGGGTATGAACAGTACGCCTACGACGGCAAGGATTACATCGCCCTGAACGAGGACCTGCGCTCCTGGACCGCGGCGGACGTGGCGGCTCAGAACACCCAGCGCAAGTGGGAGGCGGCGGATGTGGCGGAGAGCATGAGAGCCTACCTGGAGGGCCAGTGCGTGGAGTGGCTCCCCAGATACCTGGAGAAGGGGAAGGAGACGCTGCAGCGCACGGGTACCAGGGGCCACAGGGCGCCTCCCTGATCTCCTGTGGATCTCCCGGG,Mamu_MiSeq-IPD_17.06.01_2.2.0.0_plus_SP.fasta
25718,r02031,12_Mamu_DQA1_01_02,r02031_NODE_6_length_1295_cov_49.197774,AAAGAAAGATCTCTATGTAGAGTGTCCTATTCTGAGCCAGTCCTGAGAAGAAAGGAAGTGTAATCAATTTGTTATTAACCGATGGAAGAATTAAGTGAAAGATAAATGTCAGGAAGCAGAAGGAAGTAAATCTAATCTCCGACTAAGAAAGCTAAATACTATGATAACTCATTCATTCCTTCTTTTGTTCATTTACATTATTTAATCATAAGTCCATGACATGCCAGGCACTCAAAATAATAAAAATTGGACATGCGATATTCTGCCCTTGTGTAGCGCATACTATAGTGGGAAAGGAAGTGCACTTTTAACTGGACAACTACCAACACAAAGAGGGGAGGAAGCAGGGGCTGGAAATGTCCACGGACTGTGCCAAAGATGAAGCCCATAATATCTGAAAGTCAGTTTCTTTCATCATTTTGTGTATTAAGGTTCTTTCTTCCCCTGTTCTCCGCCTTCCTGCTTGTCATCTTCACTCATCAGCTGACCATGTTGCCTCTTGCGGTGTAAACTTGTACCAGACTTACGGTCTCTCTGGCCAGTTCACCCATGAATTTGATGGAGATGAGCAGTTCTACGTGGACCTGAGGAGGAAGGAGACAGCCTGGCGATGGCCTGAGTTAAGCAAATTTGGAGGTTTTGACCCGCAGGGTGCACTGAGAAACTTGGCTGTGTTAAAACACAACTTGAACATCGTGACTAAACGCTACAACTCTACCGCTGCTACCAATGGTATGTGTCCACCATTCTGCCTCTCTTTACTCAGTCTATCCCTTCACACCGCATTTCATTATTTTCTTTCCAAGAGGTCCCCAGATCTTCTCATGGTAATTGCTGAAATTTTATCATCTCCCATCTCTAAAATCACATATTCCCATGGAATACAAGAGTCTTTCCATTATGCATTCATTAAATCCTTCTAGGAGAGGTCTCATCAACCTCCTACTTTATTAAACATGCCCACAGAGAGAAGGGCATAGGGATAAGGCAGAGGCAATGTGTCTTTGCTCCCAAGCAGAAGGTAAATAAGACCTCTTTGACTATCAGGTGGTGAAATGCTGGTAGGAGGGCTCTTCCAGGATGTAATGCAGAAGCTCAGGGCAGAGCTATTCACACTTCACATCAGTGCTGTTTCCTCACCACAGAGGTTCCCGAGGTCACAGTGTTTTCCAAGTCTCCCGTGACACTGGGTCACCCCAACACCCTCATCTGTCTTGTGGACAACATCTTTCCTCCTGTGGTGAACATCACATGGTTGAGCAATGGGCGCTCAGTCACAGAAGGGGTTTCTGAGA,Mamu_MiSeq-IPD_17.06.01_2.2.0.0_plus_SP.fasta
25718,r02031,"14_Mamu_DPA1_04g|DPA1_04_03_01,_DPA1_04_03_02,_DPA1_04_05",r02031_NODE_7_length_1281_cov_64.922010,AAGGGGAGAAAAAATCTCTCTGCTAGTTCCACCAGTAGCCATATGACTTTAGCAAGTTATTAATATTTAACTTCTCTGCATTTCCTTACCTGTAAAATAGTGTGCTATGTATTTGCTTCATAGGGTTATTGTGACAATTCAACGAGTGAAATATGTAAAGCATTTAGAAGGATGCCTGGTACAAGTAAGTGCTCAGCAAATGTTCGCTGTCATTGTTACGATTACTATTGTGTAGGGTCAGGATGCCCAGACTTTCAAAGACCAGGAAGCAGCTTGACTTATCAATGATAAACTTTTCATTTTGTTCTTCACTCTCTTCTCTTTTTATAACTGCTCATCTGCTCTGTATTATTTCCTTTATGGTGTTGCTCCTTCTTCTTCCCCATATGTCCTGCCTTTGACCTCTTACCTTCTTCCTTTTTATATTCATAAGTCTTTATTCATTCTCGAGCTTTCACCACTTGCATATTCAAATTGACATTTTGTCATGTTTTTCTCTACTTTCTTTATGCAGCGGACCATGTGTTAACTTTTACCACATTTGTACAGACGCATAGACCAACAGGGGAGTATATGTATGAGTTGGATGAAGATGAAATATTCTTTGTGGATCTGGACAAGAAGGAGACCATCTGGCATCTGGAGGAGTTTGGCCGAGCCTTTTCCTTTGAGGCTCAGGGCGGGCTGGCTAACATTGCTATATCGAACAACAACTTGAATGTCACGATCCAGCTTTCCAACCATACTCAGGCCACCAATGGTATTGCCTATCTTTGCCTCTTCCTCTGTAGCCCAGCCGGAAGGGATGAGAGGGCCTCTCTGCCACCCTCAGACTAGGAAGCCTAAGTGCCCCCTGTTGTGTGATCCTCTTCCCCTAGTGGCCATGGGCTGATCCCACTACAGTAGGGACTTGCATCCTCTCTTGTCCAGAGAGAGAAAGGTGAGCAGAGTGAGGCTGGTCAGTGGTGTGATTCAGGAACCCAGAACTGCCATAAAATCTAAGGCTGAGGTAGATGACCCTCCCAGAGGTGGAACCTTTGTGATTCATCCCAGAACAGGGCCTAACCTGGTCCTGTCTCCTCCCAGATCCCCCTGAGGTGACCGTGTTTCCCAAGGAGCCTGTGGAGCTGGGCCAACCCAACACCCTCATCTGCCACATTGACAAGTTCTTCCCTCCAGTGCTCAATGTCACATGGCTGTGCAACGGGCAGCCGGTCACTGAGGGTGTCACTGAGAGCCTCTTCCTGCCCAGAACAGACTACAGCTTCCACAAGTTCCATT,Mamu_MiSeq-IPD_17.06.01_2.2.0.0_plus_SP.fasta
25718,r02031,11_Mamu_DRB_W6_06,r02031_NODE_8_length_1226_cov_95.818016,CATTTCTCATTCCTGTCTAAGCTCCAGCGTGTTTGGTTTGTGGCCATGACTTTCCCTGCTCTTTAAGCTCCCCCATTGGAGTGGAGAGGTCTGTTTTCCCTTGTTTGGATTCCTAGAGGCAGCGCAGGCCTGGCACAAGGTCCTCACTAAGGAAGTGTTCACAGGATGAACGCGGTGGGTGCTGTTGAAGGAACCGGTACAGCGTGTGGGATGAGAGAAGGAGCAGAGAGTGTCTGTGGAGGTTCCCAGAGGAGTCAGCGAGGGCTGCGGTTCTGGGTGGATCCTCCTCCAGCTCCTGCATTGAGTTCTCCAAACAGGCTGGAGGCAGGGAGGGGGTCCCCAAAGCCTGGGGATCAAAAGGGGTTTTCCCGCACGGTTCCCCAGGCCCCCGTTCGCCTCAGGAAGACGGAGGATGAGCCCCTGGGCTGCTGGGGGTGGGCGTTGCGGGTGGGCGGGTTAAGGTTCCCAGTGCCCGCACCCGCCCAGGAGCCCCGGATGGCGGCGTCGCTGTCAGTGTCTTCTCAGGAGGCCGCCCGTGTGACCGGATCCTTCGTGTCCCCACAGCACGTTTCTTGAAGCAGGCTAAGGCTGAGTGTCACTTCTTCAACGGGACGGAGCGGGTGCGGTTCCTGGAGAGACACTTCTATAACCAGGAGGAGTACGTGCGCTTCGACAGCGACGTGGGGGAGTACCGGGCGGTGACGGAGCTGGGGCGGCGTAGCGCCGAGTACTTCAACAGCCAGAAGGGCTACCTGGAGCAGGCGCGGGCCGCGGTGGACAACTACTGCAGACACAACTACGGGGTTGTGGAGAGCTTCACAGTGCAGCGGCGAGGTGAGCGCGGCGGGGACGGGGCCTGGGTCCCTGTGAGCTGGGAATCTGAGTGTGTGTGTGTGTGTGTGTGTGTGTGTGTGTGTGTGTGAGAGAGAGAGAGAGAGAGAGAGAGAGAGAGCGAGAGAGAGCCGTCTGTGAGCATTTAGAATCCTCTGTATCTCCAGCAAGCAGTTCTGAGGACACAGGCGTGTGTGTAGAGTGTGGATGTGTCTGTGTGTCTGTTGTGGGAGGGGAGGCAGGAGGGGGCTGCTTCTTATCCTTGGAGGCCTCTGTGGGGAGGTGACATGGGAGGTGGGTGCAGGGGGCTGGTGGAGAGGAGACCTTGATTGTCCTGGGTCCTTAGAGACACAGGGAAGGGAAGTGTAAGAGGTGTGTGGTTGGGGTGAAGGTTT,Mamu_MiSeq-IPD_17.06.01_2.2.0.0_plus_SP.fasta
25718,r02031,"13_Mamu_DQB1_06g1|DQB1_06_02_01,_DQB1_06_02_02,_DQB1_06_14,_DQB1_06_24,_DQB1_06_25",r02031_NODE_9_length_1217_cov_44.957798,AATGAGACTTGGGAGGGTAAATCTAGGCATGGGAAGGAAGGTATTTTACCCAGGGACCAAGAGAATACGCGTATCAGAACGAGGATAGGGTTAATTCCTGGACCTATCTCATCATTCCGTTGAACTCTCAGGTTTATGTGCATAACTTTATCTCTGAGGTATCCAGGAGCTCCATGAAAAATGGGATTTCATGCGAGAACGCCCTGATCCCTCTAAGTGCAGAGGTCCATGTAAAATCAGCCCAACTGCCTCTTCCCTCGGTTCACAGGCTCAGGCAGGGACAGGGTTTTCCTCCCTTTCCTGGATGTAGGAAGGCAGATTCCCGAAGCCCCCAAAGAAGGCGGGCAGAGCTGGGCAGAGCCGCCGGGAGGTCCCAGGTCTGGAGCGCTAGGCACTGGCGGGCGGGAACTGGAGGTCGCGCGGTCGGTTCCACAGCTCCAGGTGGGTCAGGGTGGCGGCTGCGGGGGCGACCGGGCTGGGGCCTGGCTGGGGCCTGACTGACCTGCCGGTGATTCCCCGCAGAGGATTTCGTGTACCAGTTTAAGGGTCTGTGCTACTTCACCAACGGGACGGAGCGCGTGCGGAGTGTGACCAGACACATTTATAACCGAGAGGAGTACGTGCGCTTCGACAGCGACTGGGGGGAGTACCGGGCGGTGACGCCGCAGGGGCGGCCTGACGCCGAGTACTGGAACAGCCAGAAGGACATCCTGGAGAGCACCCGGGCGGAGTTGGACACGGTGTGCATGCACAACTACGAGGTGGCGTACCGCGGGATCTTGCAGAGGAGAGGTGAGCATCGTCGCCCCTCCGTGAGGCCCATCATCGGCCAAGGCCCCGAGTCTCTGTGCCGGGAGGGGCGATGGGGGCGCGGCCTCTGAAATCTGAGATCCGTTCATTCCACCCCAGGGGACAGGAGGCGGCGGCGTGGGCGGCGGGGGTAGGTGCGTCGGAGGGGCAGGACCTAGGGCAGAGCAGGGGGCAAGGAGTTGGCCAGGTTGCCTAGTGTCCCCCCAGCCTCCCCGTCCGTCAGCCTCGTCCTCTGCTCCGCACGTTTCTCGCCTCGTGCCTTACGCGTTTGCCTCCTCGTGCCTTGCCTTTGCTAAGCAGTTCTCTCTGCCCCGAATGCCCACCCTCTTCCCCTGCTCACCTGCCCCGCTAACACTGCCCCACCCAGCAAGGTCCACGTGCGCAGCTCGCGCGGCAGGAAGCTTCAG,Mamu_MiSeq-IPD_17.06.01_2.2.0.0_plus_SP.fasta
25718,r02031,20_Mamu_DRB6_01_11,r02031_NODE_10_length_1216_cov_16.539945,TCACAGAGTGAAAGCGATGGGTGCTGTTTAAGGAGGGGTAAAGCCTGTGGGGTGAGAGAAGGAGCAGAGAGTGTCTTTGGGGTGGAGGCTCCAAGGAGGAGGCGGCGTCGGCTGCGATGCTGGGCGGATCCTCCTCCAGCTCCTGTTTAGAGGTCTCCAGAACAGGCTGGAGGCAGGGAGGGGGATCAAAAGCCTTGGAATCAGTGGTACTTTTCCCGCCTAGTCCCCCGAACTCCTGTACGCCTCAGGAAGACGGAGGATGAGCCCTTGGGCTGTGCGTGATCAGGGTTGCAGGTGGGGCGGATCAAGGTTCCCAGCGCCCGGGCCCCGCCCAGGGAGCCCCGGATGGCGTCTTCGCTGTCAGTGTCTTCCTTGGAGGCCGCCCGTGTGACCGGATCGTTCGTGTCCCCACTGCACGTTTCTTGGAGCAGGGTAAGTCTGAGTGTCAAATCTTCAACGGGAGGGAGCCGGTGCGGTACCTGAACAGATACATCCATAAACGGGAGGAGAACCTGCGCTTCCACAGCGACGTGGGGGAGTTCCAGGCGGTGACGGAACTGGAGCGGCCTGTCGCGCAGAACTGGAACAGCCAGAAAGGCATCCTGGAGGAGAAGCGGGACAAGGTGGACACCTACTGCAGATACAATTACCGGGTTTTTGAGAGCTTCACAGTGCAGCGATGAGGTGAGCGCGGCGTGGGGCGGGGCCTGAGTCCCAGTGAGCTGGAAATCTGAGTGTGTGTGTGTGTGTGTGTGTGTGTGTGTGTGTATGAGAGAGAGAGAGCGCCATCTGTGAGCATTTAGAATCCTCTCAATCCCGAGCAAGCAGTTCTGAGAGCACAGGTGTGTGTGTAGAATGTAGATTTGTCTGTGTCTGTGTGTCTGTTGTGGGAGGGGAGGCAGGAGGGGGCTGCCTCTTATCCTTGGAGGCCTCTGTGGGGAGGTGACATGGGAGGTGGGTGCAGGGGGCTGGAGAGAGAGGAGACCTTGATTGTCTCAGGTCCTTACAGATGCAGGGAAGGGAAATGTAAGGGGTGTGTGGTTGGGGTGAAGGTTTAGGGGAAGAGAGCGGAGGGGTATGGAAAGTTTGGGATAATGTGAGGAGGCCAGTTCCAGGCTGTCCCTGGCACACACCCTTCATGTAATCTCTGAAATAAAAGTGTGTGGTGTATGTTTGCAAAAGCATTAGATTAACTTCTAGGGGAACTGAGGAGACC,Mamu_MiSeq-IPD_17.06.01_2.2.0.0_plus_SP.fasta
25718,r02031,"04_Mamu_B_051g4|B_051_01,_B_051_17",r02031_NODE_11_length_1201_cov_29.072626,CTTCTCCCAACCTGTATCTTCCAGGATACTCCTGACACGTCCAGGTCCCACTCTCATTGGGTGTCGGATGTCTAGAGAAGCCAATCAGCGTCGCCGCGGTCTCAGTTCTAAACTCCCCACGCGCCCACCCGGACTCAGAGTCTCCTCAGACGCCGAGATGCGAGTCATGGCGCCCCGAACCCTCCTCCTGCTGCTCTCGGCGTCCCTGGCCCTGACCGAGACCTGGGCCGGTGAGTGCGGGGTCGGGAGGGAAACGGCCTCTGCGGGGAGGAGCGAGGGGACCGCAGGCGGGGGCGCAGGACCCGGGGAGCCGCGCGGGGAGGAGGGTCGGGCGGGTCTCAGCCTCTCCTCGCCCCCAGGCTCGCACTCCTTGAGGTATTTCGGCACCGCAGTGTCCCGGCCCGGCCGCGGGGAGCCCCGCTTCATCTACCTGGGCTACGTGGACGACACGCAGTTCCTGCGGTTCGACAGCGACGCCGCGAGTCCGAGGACGGAGCCGCGGGCGCCGTGGGTGGAGCAGGAGGGTCCAGAGTATTGGGAAGAGGAGACACGGAGAGCCAAGGCCCGCGCACAGACTGACCGAGCGGACCTGGGGATCCTGCGCGGCTACTACAACCAGAGCGAGGCCGGTGAGTGACCCCGGCCCGGGGCGCAGGTCACGACCCCTCCCCATCCCCCACGGACGGCCCGGGTCTCCCCGAGTCTCCGGGTCCGAGATCCGCCCCGAGGCCACAGGACCCGCCCAGACCCTCGACCGGGGAGAGCCCCAGGCGCCTTTACCTGGCTTCATTTTCACTTGAGGCCAAAATCCCTGCTGGTTGGTCGGGGCGGGGCGGGGCTCGGGGGACTGTACTGACCGCGGGGGCGGGGCCAGGGTCTCACACCCTCCAGTGGATGGCTGGCTGCGACCTGGGACCCAACGGGCGCCTCCTCCGCGGGTATCACCAGTCCGCCTACGACGGCAAGGATTACATCGCCCTGAACAGGGACCTGCGCTCCTGGATCGCCGCGGACATGGCGGCTCAGAACACCCAGCGCAAGTGGGAGGCGACCCGTTATGCGGAGCGGTTCAGAGCCTACCTGGAGGGGCCGTGCTTGGAGTGGCTCCGCAGATACTTGGAGAACGGGAAGGAGACGCTGCAGCACGCGGGTACCAGGGGCACTGGGGAGCCTTCCCCATCACCTCTAGATCGCCCGGGAT,Mamu_MiSeq-IPD_17.06.01_2.2.0.0_plus_SP.fasta
25718,r02031,"07_Mamu_DRB1_03g1|DRB1_03_06,_DRB1_03_26",r02031_NODE_12_length_1194_cov_132.123711,AATGCGTGTAGGTCAAGGAAAACAGATTTTTTTTTTTCAAGGAGAAGGGAGAGGCCAATTGTGGTGAGTACCACTAAGAGGAGGGGGAGTGAGAACATGACAGAGAAGCAAGCGCTGGGTTTGGTGGAGTTGATATTTGCAGTCAATCGAGTACACAGGGAGGAAACTGGATAGGACCATTTGAAGAGCGAGTAGAAGTGAGGATGAGGTTAAGGCTGACTGGAGGCAGGGAGGGGGTCCCCAAAGCCTGGAGATCAGAAAGGGTTTTCCCGCATGGTTCCCCAGGCCCCCGTTCGCCTCAGGAAGACAGAGGATGAGCCCCTGGGTTGCTGCTGGTGGTGGGCGGTGCGGGTGGGGCCGGTTAAGGTTCCCAGTGCCCGCACCCGCCCAGGAGCCCCGATGGCGGCGTCGCTGTCAGTGTCTTCTCAGGAGACCGCCCGTGCGACCGGATCCTTCGTGTCCCCACAGCACGTTTCTTGGAGTACTCTACATCTGAGTGTCACTTCTTCAATGGGACGGAGCGGGTGCGGTACCTGGACAGATACTTCTATAACCAAGAGGAGAACGTGCGCTTCGACAGCGACGTGGGGGAGTACCGGGCGGTGACGGAGCTGGGGCGGCCTGACGCCGAGTACTGGAACAGCCAGAAGGACATCCTGGAGCAGAAGCGGGCCCGGGTGGACAACTACTGCAGACACAACTACGGGGTTTTTGAGAGCTTCACAGTGCAGCGGCGAGGTGAGCACGGCGGGGAGAGGGACCTGGGTCCCTGTGAGCTGGGAATCTGAGTGTGTGTGTGTGTGTGTGTGTGTGTGTGTGTGTGAGAGAGAGAGAGAGAGAAAGAGAGACAGAGAGAGAGACAGAGAGAGAGACAGAGCGCGCGCCATTTGTGAGCATTTAGAATCCTCTCTATCCTGACCAAGGAGTTCTGAGGGCACAGGTGTGTGTAGAGTGTGGATTTGTCTGTGTGTCTGTTGTGGGAGGGGAGGCAGGAGGGGGCTGCTTCTTATCCTTGGAGGTCACTGTAGGGAGGTGACATGGGAGGTGGGCGCAGGGGACTGGAGAGAGAGGAGACCTTGATTGTCCTGGGTCCTTAGAGATGCAGGGAAGGGAAGCGTAAGGAGTATGTGGTTGGGGTGAAGGTTTAGGGGAGGAGAGCTGAGGGGTCTGGAAGGTTTGGGATAATGTGAGGAG,Mamu_MiSeq-IPD_17.06.01_2.2.0.0_plus_SP.fasta
25718,r02031,"02_Mamu_A2_05g1|A2_05_03_01,_A2_05_03_03,_A2_05_04_01,_A2_05_04_02,_A2_05_04_03,_A2_05_05,_A2_05_10,_A2_05_11,_A2_05_12,_A2_05_14,_A2_05_17,_A2_05_19,_A2_05_20_01,_A2_05_20_02,_A2_05_21,_A2_05_22,_A2_05_24,_A2_05_25,_A2_05_28,_A2_05_29,_A2_05_32_01,_A2_05_32_02,_A2_05_34,_A2_05_35,_A2_05_37,_A2_05_39,_A2_05_40,_A2_05_41,_A2_05_48,_A2_05_49,_A2_05_54,_A2_05_55",r02031_NODE_13_length_1188_cov_31.081056,CCGAAGGCGGTGTATGGATTGGGGAGTCCCAGCGTTGGGGATTCCCCATCTCCGCAGTTTTTCTTCTTCTGACAACCTGCGTCGTGTCCTTCTTCCGGAATACTCACGACGCGGACCCCGTTCTCACTCCCATTGGGTGTCGGGTTTCTAGAGACGCCAATCAGCGTCGCCGCAGTCCCGGTTCTAAAGTCCCCACTCTCCCACCAGGACTCAGATTCTCCGCAGACGCCCAGGATGGCGGTCATGGCGCCCCGAACCCTCCTCCTGGTGCTCTCCGGGGCCCTGGCCCTGACCCAGACCTGGGCGGGTGAGTGCGGGGTCGGGAGGGAAACGGCCTCTGCGGGGAGCAGCGACGGGACCGCAGGCGGGGGCGCAGGACCCGGGGAGCCGCGCGGGGAGGAGGGTCGGGCGGGTCTCAGCCTCTCCTCGCCCCCAGGCTCGCACTCCTTGAGATATTTCTACACCTCCATGTCCCGGCCCGGCCGCGGGCAGCCCCGCTTCATCTCCGTGGGCTACGTGGACGACACGCAGTTCGTGCGGTTCGACAGCGACGCCGAGAGTCCGAGAGAGGAGCCGCGGGCGCCGTGGATGGAGCAGGAGGGGCCGGAGTATTGGGACCAGAACACACGGATCTGCAAGGCCGACACACAGACTCTCCGAGAGAACCTGCGGACCCTGCTCCGCTACTACAACCAGAGCGAGGCCGGTGAGTGACCCCGGCCCGGGGCGCAGGTCACGACCCCTCCACATCCCCCACGGACGGCCCGCGTCGCCCCGAGTCTCCGGGTCCCAGATACACCCCGAAGCCGCGGGACCCCGAGACCCTTGACCCGGGAGAGCCCCAGGCCTCTTTGCCCGGTTTCATTTTCAGTTGAGGCCAAAATCCCCGCCGGTTGGTCGGGGCGGGGCGGGGCTCCGGGGACTGTACTGAGTCTCCCTGATGGCCTGTGGATCTCCCGGGCTGGCCTCCCACAAGGAGGGGAGACAACTGGGACCAACACTAGAATATCGCCCTCCCTCTGTTCCTGAGGGAGAGGAATCCTCCTGGGTTTTCAGATCCTGTACCAGAGAGTGACTCTGAGGGTCCGCCCTGCTCTCTGACACAATTAAGGGTCTCACACCATCCAGACGATGTACGGCTGCGACCTGGGGCCGGACGGGCGCCTCCTCCGCGGGTATGACCAGTCC,Mamu_MiSeq-IPD_17.06.01_2.2.0.0_plus_SP.fasta
25718,r02031,18_Mamu_AG_02_nov_03,r02031_NODE_14_length_1173_cov_34.090822,CTTGGCACAGGAGGAGCGGGGTCAGGGCGAAGTCCCAGGGCCCCAGGTGTGGCTCTCAGGGTCTTAGGCCCCTAAGGCGGTGTATGGATTGGGGAGTCCCAGCGTTGGGGATTCCGCATCTCCGCAGTTTCTCTTCTTCTGACAACCTGCGTCCTGTCCTTCTGCCGGAATACTCACCACGCGGACCCCGTTCTCACTCCCATTGGGTGTCGGGTTTCTAGAGACGCCAATCAGCGTCGCCGCGGTCCCGGTTCTAAAGTCCCCACTCACCCACCAGGACTCAGATTCTCCGCAGACGCCAAGGATGGCGATCATGGCCCCCCGAACCCTCCTCCTGGTGCTCTCAGGGGTCCTAGCCCTGACCCGGACCTGGGCCGGTGAGTGCGGGGTCGCGAGGGAAACGGCCTCTGCCGAGAGCAGCGAGGGGCCCGCCCGGCGGGGGCGCAGGACCGGGGAGCCGCGCGGGGAGGAGGGTCGGGCGGGTCTCAGCCTCTCCTCGCCCCCAGGCTCCCACTCCATGAGGTATTTCTACACCGCCGTGTCCCGGCCCGGCCGCTGGGAGCCCCGCTTCATCGCCGTGGGCTACGTGGACGACACGCAGTTCGTGCGGTTCGACAGCGACGCCGAGAGTCCGAGGATGGAGCCGCGGGCGCCGTGGGTGGAGCAGGAGGGGCCGGAGTATTGGGACCGGGAGACACAGAACATGAAGACCGCGACACAGACCTACCAAGGGAACCTGCGGACCCTGCTCCGCTACTACAACCAGAGCGAGGCCAGTGAGTGACCCCGGCCCGGGGCGCAGGTCACGACCCCTCCACATCCCCCACGGACGGCCCGGGTGGCCCCGAGTCTCCGGGTCCCAGATCCACCCCGAGGCCGCGGGACCCCGAGTCTCCGGGTCCCAGATCCACCCCGAAGCCGCGGGACCAGGGGACCCTTGACCCGAGAGAGCCCCAGGCGCCTTTACCCGATTTCCTTTTTAGTTTGGGCCAAAATCCCCGCGGGTTGGTCGGGGCGGGGCGGGGCTCCGGGGACCGGCTGACCGCGGGGGCGGGGCCAGGGTCTCACACCGTCCAGAAGATGTACGGCTGCGACCTGGGGCCCGACGGGCGCCTCCTCCGCGGGTATGAACAGTTCGCCTACGACGGCAGGGATTACATCATCCTGAACGAG,Mamu_MiSeq-IPD_17.06.01_2.2.0.0_plus_SP.fasta
25718,r02031,07_Mamu_DRB1_10_03,r02031_NODE_15_length_1157_cov_94.648544,CGGCGGGGGCTGAGGTACTGGGCGGATCCTCCTCCAGCTCCCGACTGAAGGTCTCCAGAACAGGCTGGAGGCAGGGAGGGGGTCCCCAAAGCCTGGGGATCAGAAGGGGTTTTCCCGCACGGTTCCCCAGGCCCCCGTTCGACTCAGGAAGACGGAGGATGAGCCCCTGGGCTGCTGGTGGGCGGCGCGGGTGGGGCCGGTTAAGGTTCCTAGTGCCCGCACCCCGCCCAGGAGCCCCGGTTGGCGGCGTCGCTGCCAGGGTCTTCTCAGGAGGCCGCCCGTGTGACCAGATCGTTCGTGTCCCCACAGCACGTTTCTTGGAATACGTTAAGTTTGAGTGTCATTTCTTCAACGGGACGGAGCGGGTGCGGTTCCTGATCAGAGTCTTCCATAACCGAGAGGAGTACGCGCGCTTCGACAGCGACGTGGGGGAGTTCCGGGCGGTGACGGAGCTGGGGCGGCCTGCAGCCGAGTCCTGGAACAGTCAGAAGGACTTCCTGGAGGAGAAGCGGGCCGCGGTGGACACCTACTGCAGACACAACTACGGGGTTGTGGAGAGCTTCACAGTGCAGCGGCGAGGTGAGCGCGGCGGGGTCGGGGCCTGGGTCCCTGTGAGCTGGGAATCTGAGTGTGTGTGTGTGTGTGTGTGTGTGTGTGTGTGTGTGTGTGTGTGTGAAAGAGAGAGAGAGCGAGCGAGCGAGAGCCATCTGTGAGCATTTAGAATCCTCTCTATCCTGAGCAAGCAGTTCTGAGGGCACAGATGTGTGTAGAGTGTGGAGTGTGGATGTGTCTGTGTGGCTGTTGTGGGAGGGGAAGCAGGAGGGGGCTGCTTCTTATCCTCGGAGGCGTCTGTCTGAAGGCCTCTGTTGGGGAGGTGGGTGCAGGGGGCTGGAGAGAGGAGACTGATTGTCCTGGGTCCTTAGAGATGCAAGGAAGGGAAATGTAAGGTGTGTGTGGTTTGGGTGAAGGTTTAGGGGAGGAGAGCTGAGGGGTCTGGAAGGTTTGGGATAATGTGAGGAGGCCAGTTCCAGACTGTCCCTGGCACACACCCTTCATGTAATCTCTGAAATAAAAGTGTGTGCTGTTCGTTTGCAAAAGCATTAGATTAATTTCTAGGGGAATTGAGGAGACCTCTGAGGCACCTCTGAAGCTTCTTT,Mamu_MiSeq-IPD_17.06.01_2.2.0.0_plus_SP.fasta
25718,r02031,"16_Mamu_E_02g7|E_02_12_01,_E_02_28",r02031_NODE_16_length_1157_cov_26.841748,ACAATGTTCCAGGTCCCCGGGCGTGGCTGTCAGGGTCTCAGGACCCAAGGGCAGAGTGTGCAGATCTGGGAGGCGCAGTGTTGGAGATTCCACACCACTTTCATTTCCTCTGTTAACCTGGTCGTGTCCTTCTTCCTGGATACTCATGACGCAGACTCAGTTCTCATTCCCAATGGGTGTCGGGTTTCTGGAGAAGCCAATCAGCCTCGCCACGACTCCCGACTATAAAGTCCGCACGCACGCACCCGGATTCAGGAGGCTCTACCGACTCAGAGAATGGGGTCATGGCACAACGAACCCTACTTCTCCTGCTCTCGGCCCTTACCAAGACCTGGGCGGGTGAGTGCGGGGTCGGGATGGAAGCGGCCTCTACCCGGAGGAGAGAGGGGCCGGACCGGCGGGGGCTCAGGACTCGGGGAGCCGCGCCAGGAGTGGGGCCGGACAGGTCTCAGCCCCTCCTCGCCCCCAGGCTCCCACTCCTTGAAGTATTTCCACACTTCCGTGTCCCGGCCCGGCCGCGGGGAGCCCCGCTTCATCTCCGTGGGCTACGTGGACGACACCCAGTTCGTGCGGTACGACAGCGACGCCGCCAGTCCGAGGATGCAGCCGCGGGCGCCGTGGGTGGAGCAGGAGGGGCCGGAGTATTGGGACCAGGAGACACGGAGCGCCAGGGACACCGCACGGACTTTCCGAGTGAACCTGGAGACCCTGCGCGGCTACTACAACCAGAGCGTGGCCGGTGAGTGACCCTGGCCCGGGGCGCAGGTCACGACCCCTCCCCATCCCTCACGGACAACGCGGGTCCCCTCGAGTCTCCGGGTCCGAGATTCACCCCCAGGCTGCGGAACCCGCCCAGACTCTCGACCCGGCATAGTCCCAGGCTCCTTTACCCCGTTTCATTTTCAGTTTAGGCCAAAATCCCTGCGGGTTGGCAGCGACAGGGGCGGGGCTCGGTGGGCGGGACTGACTAGCGGGCGGGGCCAGCGTCTCATACCCTCCAGTGGATGCATGGCTGCGACCTGGCGCCCGACAGGCGCTTCCTCCGCGGGTATGAACAGTTCGCCTACGACGGCAAGGATTATCTCACCCTGAATGAGGACCTGCGCTCCTGGTCTGCGGTGGACACGGCGGCTCAGATCTCCGCGCAAAAGTCAAAT,Mamu_MiSeq-IPD_17.06.01_2.2.0.0_plus_SP.fasta
25718,r02031,"13_Mamu_DQB1_06g2|DQB1_06_05,_DQB1_06_18",r02031_NODE_17_length_1148_cov_73.277179,TAGGCATGGGAAGGAAGGTATTTTACCCAGGGACCAAGAGAATACGCGTGTCAGAACGAGGACAGGGTTAATTCCTGGACCTATCTCATCATTCCGTTGAACTCTTAGGTTTATGTGGATAACTTTATCTCTGAGGTATCCAGGAGCTCCATGAAAAATGGGATTTCATGCGAGAACGCCCTGATCCCTTTAAGTGCAGAGGTCCATGTAAAATCAGCCCGACTGCCTCTTCGCTGGGTTCACAGGCTCAGGCTGGGACAAGGTTTTCCTCCCTTTCCTGGATGTAGGAAGGCAGATTCCCGAAGCCCCCAGAGAAGGCGGGCAGAGCTGGGCAGAGCCGCCGGGAAGATCCCAGGTCTGGAGCGCCAGGCACTGGCGGGCGGGAACTGGAGGTCGCGCGGTCGGTTCCACAGCTCCAGGCGGGTCAGGGCGGCGGCTGCGGGGGCGACCAGGCTGGGGCCTGGCTGTGGCCTGACTGACCTGCCGGTGATTCCCCGCAGAGGATTTCGTGTACCAGTTTAAGGGCCTGTGCTACTTCACCAACGGGACGGAGCGCGTGCGTCTTGTGAGCAGATTCATCTATAACCGAGAGGAGTACGCGCGCTTCGACAGCGACGTGGGGGAGTACCGGGCGGTGACGCCGCAGGGGCGGCCTGACGCCGAGTACTGGAACAGCCAGAAGGACATCCTGGAGAGGACCCGGGCGGAGTTGGACACTGTGTGCAGACACAACTACGAGGTGGCTTACCGCGGGATCTTGCAGAGGAGAGGTGAGCATCGTCGCCCCTCCGTGAGGCCCATCATCGGCCAAGGCCCCGAGTCTCTGTGTCGGGAGGGGCGATGGGGGCGCGGCCTCTGAAATCTCAGATCCGTTCATTCCACCCCAGGGGACAGGAGGCGGCGGCGGGGCCGGGCGGGGGGTAGGTGCATCGGAGGGGCAGGACCTAGGGCAGAGCAGGGAGCAAGCAGAGTTGGCCAGGCTGCCTAGAGTCCCCCCAGCCTCCCCGTCCGTCAGCCTTGTCCTCTGCTCCGCACGTTTCTCGCCTCGTGCCTTATGCATTTGCCTCCTCGTGCCTTGCCTTTGCTAAGCAGTTCTCTCTGCCCCGAACGCCCACCCTCTTCCCCTGCCCACCTGCCCCGCTAACACT,Mamu_MiSeq-IPD_17.06.01_2.2.0.0_plus_SP.fasta
25718,r02031,"03_Mamu_B_030g1|B_030_01,_B_030_03_01,_B_030_03_02,_B_030_03_03,_B_030_04,_B_030_06",r02031_NODE_18_length_1124_cov_13.907723,GGGATTCCCCACTCCCCTAGTTTCACTTCTCCCAACCTGTGTCGGGTCCTTCTTCCAGGATACTCGTGACGCGTCCCCAGTTCCCACTCTCATTGGGTGTCGGATGTCTAGAGAAGCCAATCAGCGTCGCCGCGGTCTCAGTTCTACAGTCCGCACGCGCCCACGCGGACTCAAGAGTCTCCTGAGACGCCGAGATGCGGGTCATGGCGCCCCGAACCCTCCTCCTGCTGCTCTCGGGGGCCCTGGCCCTGACCGAGACCTGGGCCGGTGAGTGCGGGGTCGGGAGGGAAATGGCCTCTGCAGGGAGGAGCGAGGGGACCGCAGGCGGGGGCGCAGGACCCGGGGAGCCGCGCGAGGAGGAGGGTCGGGCGGGTCTCAGCCTCTCCTCGCCCCCAGGCTCGCACTCCTTGAGGTATTTCAGCACCACCGTGTCCTGGCCCGGCCGCGGGGAGCCCCGCTTCATCTCCGTGGGCTACGTGGACGACACGCAGTTCGTGCGGTTCGACAGCGACGCTGAGAGTCCGAGAGAGGAGCCGCGGGCGCCGTGGGCGGAGCAGGAGGGGCCGGAGTATTGGGAAGAGCAGACACGGAACACGGAGGCCCACGCACAGAATCACCGAGTGTGCCTGCGGACCGTGCCCGGCTACTACAACCAGAGCGAGGCCGGTGAGTGACCCCGGCCCGGGGCGCAGGTCACGACCCCTCCCCATCCCCCACGGACGGCCCGGTGGCCCCGAGTCTCCGGATCCGAGATCCGCCCCGAGGCCGCGGGACCCGCCCAGACCCTCGACCGGGGAGAGCCCCAGGCGCCTTTACCCGGTTTCATTTCCGTTTAGGCCAAAATCCCCGGGGATTGGTCGGGCCGGGGCGGGGCTCGGTGGGCGGGGCTGACCGCGGGGGCGGGGCCAGGGTCTCACACCCTCCAGAGGATGTTTGGCTGCGACCTGGGGCCCGACGGGCGCCTCCTCCGCGGGTATAACCAGTATGCCTACGACGGCAAGGATTACATCGCCCTGAACGAGGACCTGCGCTCCTGGACCTCGGCGGACGTGGCGGCTCAGAACACCCAGCGCAAGTGGGAGGCGACCCGTTATGCGGAGCGGTTCAGAGCCTACCTGGAGGAG,Mamu_MiSeq-IPD_17.06.01_2.2.0.0_plus_SP.fasta
25718,r02031,"16_Mamu_E_02g1|E_02_01_01,_E_02_01_02,_E_02_07,_E_02_10,_E_02_11,_E_02_14,_E_02_17,_E_02_18,_E_02_19",r02031_NODE_19_length_1108_cov_60.237513,AGATCTTGGAGGCGCAGTGTTGGAGATTCCACATCACTTTCATTTCCTCTCGTAACCTGGTCGTGTCCTTCTTCCTGGATACTCATGACGCAGACTCAGTTCTCATTCCCAATGGGTGTCGGGTTTCTAGAGAAGCCAATCAGCGTCGCCACGACTCCCGACTATAAAGTCCGCACGCACCCACCCGGATTCAGGAGGCTCTACCGACTCAGAGAATGGGGTCATGGCACTACGAACCCTACTTCTCCTGCTCTCGGCCCTTACCAAGACCTGGGCGGGTGAGTGCGGGGTCGGGATGGAAGCGGCCTCTACCCGGAGGAGAGAGGGGCCGGACCGGCGGGGGCGCAGGACTCGGGGAGCCGCGCCCGGAGTAGGGCCGGACCGGTCTCAGCCCCTCCTCGCCCCCAGGCTCCCACTCCTTGAAGTATTTCCACACTTCCGTGTCCCGGCCCGGCCGCGGGGGGCCCCGCTTCATCTCCGTGGGCTACGTGGACGACACCCAGTTCGTGCGGTATGACAGCGACGCCGCGAGTCCGAGGATGGAGCCGCGGGCGCCGTGGGTGGAGCAGGAGGGGCCGGAGTATTGGGACCAGGAGACACGGAGCGCCAGGGACACCGCACAGACTTTCCGAGTGAACCTGGAGACCCTGCGCGGCTACTACAACCAGAGCGAGGCCGGTGAGTGACCCCGGCCCGGGGCGCAGGTCACGACCCCTCCCCATCCCTCACGGACATCGTGGGTTCCCTCGAGTCTCAGGGTCCAAGATTCACCCCCAGGCTGTGGAACCCGCCCAGACCCTCGACCCGGCAGAGTCCCAGGCTCCTTTACCCGGTTTCGTTTTCAGTTTAGGCCAAAATCCCTGCGGGTTGGCGGCGACAGGGGCGGGGCTCGGTGGGCGGGACTGACTAGCAGGCGGGGCCAGGGTCTCATACCCTCCAGTGGATGCATGGCTGCGACCTGGGGTCCGACGGGCGCTTCCTCCGCGGGTATGAACAGTTCGCCTACGACGGCAAGGATTATCTCACCCTGAATGAGGACCTGCGCTCCTGGTCCGCGGTGGACACGGCGGCTCAAATCTCCGAGCAAAAGTCAAATGATGGCTCTGAG,Mamu_MiSeq-IPD_17.06.01_2.2.0.0_plus_SP.fasta
25718,r02031,"12_Mamu_DQA1_01g2|DQA1_01_05_01,_DQA1_01_05_03",r02031_NODE_20_length_1101_cov_25.543121,TTTTTTTAAAAAGGAAGATCTCTGTGTAGAGTGTCCTGTTCTGAGCCAGTCCTGAGAAGAAAGGAAGTGTAATCAATTTGTTATTAATCGATGGAAGAATTAAGTGAAAGATAAATCTCAGGAAGCAGAGGGAAGTAAATCTAATCTCCGACTAAGAAAGCTAAATACTATGATAACTCATTCATTCCTTCTTTTGTTCATTTATATTATTTAATCATAAGTCCATGACATGCCAGGCACTCAAAATAATAAAAATTGGACATGCGATATTCTGCCCTTGTGTAGCACACTATAGTGGGAAAGAAAGTGCACTTTTAACTGGACAACTACCAACACGAAGAGGGGAGGAAGCAGGGGCTGGAAATGTCCACGGAGTGTGCCAAAGATGAAGTCCATAATATTTGAAAGTCAGTTTCTTCCATCATTTTGTGTATTGAGGTTCTTTCTTCCCCTGTTCTCTGCCTTCCTGCTTGTTATCTTCACTCATCAGCTGACCACGTTGCCTCTTGCGGTGTAAACTTGTACCAGACTTACGGTCTTTCTGGCCAGTACACCCACGAATTTGACGGAGACGAGCAGTTCTACGTGGACCTGGAGAGGAAGGAGACGGCATGGCGATGGCCTGAGTTAAGCAAATTTGGAGGTTTTGACCCGCAGGGTGCACTGAGAAACTTGGCTGTGTCAAAACACAACTTGAATATCATGACTAAACGCTACAACTCTACCGCTGCTATCAATGGTATGTGTCCACCATTCTGCCTCTCTTTACTCAGTCTATCCCTTCATACCAAGTTTCATTATTTTCTTTCCAAGAGGTCCCTGGGGAATTATTCTTCTCATGGCAATTGCTGAAATTTTGTCATCTCCCATTTCTAAAATCACATCTTCCCATGTAATACAAGGGTCTTTTCATTATGCATTAATTAAATCCTTCTAGGAGAGGTCTCATCAACCTCCTACTTTATTAAACATACCCACAGAGAGAAGGGCACCGTAATAAAGCAAAGGCAATGTGTCGTTGCTCCCAAGCAGAAGGTAAATAAGGCCTCTTTGACTATCAGCTGGTGAAATGCTGGTAGGAGGTCTCTTCCAGGATGTAAT,Mamu_MiSeq-IPD_17.06.01_2.2.0.0_plus_SP.fasta
25718,r02031,"01_Mamu_A1_119_AG_02g|A1_119_01,_AG_02_02",r02031_NODE_21_length_1096_cov_34.287926,ATTCCCCATCTCCGCAGTTTCTCGTCTTCTGACAACCTGCGTCGTGTCCTTCTTCCGGAATACTCAGGACGCGGACCCCGTTCTCACTCCCATTGGGTGTCGGGTTTCTAGAGACGCCAATCAGCGTCACCGCGGTCCCGGTTCTAAAGTCTCCACTCACCACCAGGACTCAGATTCTCCGCAGACGCCTAGAATGGCGGTCATGGCGCCCCGAACCCTCCTCCTGGTGCTCTCAGGGGTACTGGCCCTGACCCAGACCCGGGCGGGTGAGTGCGGGGTCGGGAGGGAAATGGCCTCTGCGGGGAGGAGCGAGGGGCCCGCCCAGCGGGGGCGCAGGACCCGGGGAGCCGCGCGGGGAGGACGGTCGGGCGGGTCTCAGCCTCTCCTCGCCCCCAGGCTCGCACTCCATGAGGTATTTCTACACCTCCATGTCCCGGCCCGGCCGCGGGCAGCCCCGCTTCATCGCCGTGGGCTACGTGGACGACACGCAGTTCGTGCGGTTCGACAGCGACGCCGAGAGTCCGAGGATGGAGCCGCGGGCGCCGTGGGTGGAGCAGGAGGGTCCAGAGTATTGGGACCGGGAGACACAGAACATGAAGACCGCGACACAGACCTACCGAGAGAACCTGAGGACCCTGCTCCGCTACTACAACCAGAGCGAGGCCGGTGAGTGACCCCGGCCCGGGGCGCAGGTCACGACCCCTCCACATCCCCCACGGACGGCCCGGGTGGCCCCGAGTCTCTGGGTCCCAGATCCACCCCGAAGCCGCGGGACCCGGGGACCCTTGACCCGGGAGAGCCCCAGGCGCCTTTACCCGATTTCCTTTTTAGTTTGGGCCAAAATCCCCCCGGGTTGGTCGGAGCGGGGCGGGGCTCCGGGGACGGGCTGACCGCGGGGACGGGGCCAGGGTCTCACACCATCCAGAAGATGTACGGCTGCGACCTGGGGCCCGACGGGCGCCTCCTCCGCGGGTATGAACAGTTCGCCTACGACGGCAGGGATTACATCGCCCTGAACGAGGACCTGCGCTCCTGGACGGCCGCGGACACGGCGGCTCAGAACACCCAGCGCAAGTGGGAGGCGGCGGGTGCGGCG,Mamu_MiSeq-IPD_17.06.01_2.2.0.0_plus_SP.fasta
25718,r02031,"04_Mamu_B_060g1|B_060_01_02,_B_060_02,_B_060_04,_B_060_05,_B_060_07,_B_060_13,_B_060_14",r02031_NODE_22_length_1085_cov_15.347599,GGCCTTATCTGCATTGGGGAGGCACTGGGTTGGGGATTCCCCACTCCCCTAGTTTCACTTCTCCCAACCTGTGTCGGGTCCTTCCTCCAGGATACTCGTGACGCGTCCCCAGTTCCCACTCTCATTGGGTGTCGGATGTCTAGAGAAGCCAATCAGCGTCGCCGCGGTCTCAGTTCTAAAGTCCTCACGCACCCGCCCGGACTCAGAGTCTCCTCAGACGCCAAGATGCGGTCATGGCGCCCCGAGCCCTCCTCCTGCTGCTCTCGGCGGCCCTGGCCCTGACCGAGACCCGGGCCGGTGAGTGCGGGGTCGGGAGGGAAACGGCCTCTGCGGGGAGGAGCGAGGGGACCGCAGGCGGGGGCGCAGGGCCCGGGGAGCCGCGCGGGGAGGAGGGTCGGGCGGGTCTCAGCCTCTCCTCGCCCCCAGGCTCGCACTCCTTGAGGTATTTCAGCGCCGGCACGTCCCGGCCCGGCCGCGGGGAGCCCCGCTTCATGTCCGTGGGCTACGTGGACGACACGCAGTTCCTGCGGTTCGACAGCGACGCCGCGAGTCCGAGGATGGAGCCGCGGGCGCCGTGGGCGGAGCAGGAGGGTCTGGAGTATTGGGAAGAGCAGACAGGGCTCGCCAAGGACTTCACACAATCTTTCCGAGTGGGCCTGGGGAACCTGCGCGGCTACTACAACCAGAGCGAGGCGGGTGAGTGGCCCCGGCCCGGGGAGCAGGTCACGACCCCTCCCCATCCCCCACGGACGGCCCAGGTCTCCCCGAGTCTCCGGGTCCGAGATCCGCCCCGAGGCCGTGGGACCCGCCCAGATCCTCGACCGGAGAGAGCCCCAGGCGCCTTTACCCGGCTTCATTTTCAGTTGCGGCCAAAATGCCCGGGGGGTTGGTCGGGGCGGGGCGGGGCTCGGTGGGCGGGGCTGACCGCGGGGGCGGGGCCAGGGTCTCACACCCTCCAGTGGATGTACGGCTGCGACCTGGGGCCCGACGGGCGCCTCCTCCGCGGGTATCACCAGTTCGCCTACGACGGCAAGGATTACATCGCCCTGAACGGTGACCTGCGCTCCTGGACCGCGGCAGACACG,Mamu_MiSeq-IPD_17.06.01_2.2.0.0_plus_SP.fasta
25718,r02031,"15_Mamu_DPB1_01g1|DPB1_01_01,_DPB1_01_06,_DPB1_01_17",r02031_NODE_23_length_1078_cov_119.045216,TCTCCCAGCGACCCCACGTGAAACGTCTCCCCCTCCTCCTCCAGCTGCCAGCAGAAGGGACTGCCTTCCCCTCAGTGTTCGCCCCCTCCCTAGTGATCACTCAGTCCCCCTGAGCAGTGAATCTCATTCTTTTCAGTAAATTCTCTCTGTGTGGTGAGAAAACAGGCCTGGAGAGGCTCAGCGACCTGCCTAGGACCACAGAACTCGGTACTAGGAAAACTCCTATTTTAAAATCCAGCCCTGCGTAGGAAGATTTGGGAAGCATCGTTAAAATTGAGAGAAGGGGGAAGAAAGGGGATTAGGTGAGAGTGGTGCCCCCGCTCATGTCCGCCCCCTCCCCGCAGAGAATTACCTGTACCAGGGACGGCAGGAATGCTACGCGTTTAATGGGACACAGCGCTTCCTGGAGAGATACATCTACAACCGGGAGGAGTACGCGCGCTTCGACAGCGACGTGGGGGAGTTCCGGGCGGTGACGGAGCTGGGGCGGCCTGCTGTGGAATACTGGAACAGCCAGAAGGACCGCCTGGAGGAGAAGCGGGCAGTGGTGGACACGATGTGCAGACACAACTACGAGCTGGACGAGGCCGTGACCCTGCAGCGCCGAGGTGAGTGAGGGCTTTGGGCCGGGGGTCCCAGGGCAGACACGGGGGCCCGTGCCCAGGGCCCAGAAGCAGCCAGGCCGGCCTAAGGGACCTTAGTGCCAGGTGGAAAGGGGACTTTGGGCTGGGCATTCATGGGGGAGCCCATCTGGAGCATGTCAGGGGAGGGAGCGTGCGGACCTGGACTGGGCTGATCATGGAGTGAGGAGGATAGGAGCAGAGAGACCCCCTGGACTTCATCAGGCCTGGCAGCTGACTGCATGTGGGATGAGAGGAAAGGAGGCCACAAGAGAGCGTGCAGGGGTGTGGTGTGGAGATGGAGGTGGAGACGGCACAGCAGGCCATACAGAGAAGAAACCTGCAGGGAGACCCCTGGGTTTCAGATGCTTGAGGGGCCAAATGGATGGTCTGAGGGGAAGGTAAACAGAAGGGTCTGCAGCCAGGGAGGAGACTGGGCTACATGAGACCACCCAGGG,Mamu_MiSeq-IPD_17.06.01_2.2.0.0_plus_SP.fasta
25718,r02031,"04_Mamu_B16_01g2|B16_01_02,_B16_01_09",r02031_NODE_24_length_1068_cov_21.789586,TCCGGTCCTTCTTCCAGGATACTCACGACGAGTCCCCAGTTCCCACTCCCATTGGGGGTCGGGTTTCTAGGGAAGGCAATCAACGTCGCCCCGGTTCCAGTTCTAAAGTCTCCACGCACCCACCCGGGCTCAGAGTCTCCTCAGACGCACAGGGTGCGGGTCATGATGCCCGGAACCGTCCTCCTGCTGCTCTCGGGGGCCCTGGCCCTGACCGAGACCTGGGCCGGTGAGTGCGGGGTCTGGAGGGAAATGGCCTCTGCGGGGAGGAGCGAGGGGACCGCAGGTGGGGGCGCAGGACCCGGGGAGCCGCGCGGGGAGGAGGGTCGGGCGGGTCTCAGCCTCTCCTCGCCCCCAGGCTCGCACTCCTTGAGGTATTTCAGCACCTCCGTGTCCCGGCCCGGCCGCGGGGAGCCCCGCTTCATCTCCGTGGGCTACGTGGACGACACGCAGTTCCTGCGGTTCGACAGCGACGCCGCGAGTCCGAGGATGGAGCCGCGGGCGCCGTGGGTGGAGCAGGAGGGGCCGGAGTATTGGGACCGGGAGACGCGGAACGCCGAGGGCCACGCACAGACTCACCGAGAGAACCTGCAGACCCTGCTCCGCTACTACAACCAGAGCGAGGCCGGTGAGTGGCCCCGGCCCGGGGCGCAGGTCACGGCCCCTCCCCATCCCCACGGACGACCCGGGTCGCCCCGAGTCCCTGGGTCCGAGATCCGCCCCGAGGCCGCGGGACCCGCCCAGACCTTTGACCGGAGAGAGCCCCAGGCGCGTTTACGCGGTTTTATTTTCAGTCGAGGCCAAAGTCTCAGCGGGTTGGTCGGGGCGGGGCGTGGCTCGGCGCGGGGCGTGGCTCGGCGGGCGGGGCTGACCGCGGGGGCGGGGCCAGGGTCTCACACCATCCAGAGGGTGTTTGGCTGCGACCTGGGGCCGGACGGGCGCCTCCTCCGCGGATATAACCAGCACGCCTACGATGGCAAGGATTACATTGCCCTGAACGAGGACCTGCGCTCCTGGACCGCGGCGGACACGGCGGCTCAGAACACCCAGCGCAAGTGGGAGGCGTGCGGT,Mamu_MiSeq-IPD_17.06.01_2.2.0.0_plus_SP.fasta
25718,r02031,"15_Mamu_DPB1_02g|DPB1_02_01,_DPB1_02_04_01,_DPB1_02_04_02",r02031_NODE_25_length_1035_cov_31.806167,GCCCTCCACGTCCCCAGCTCCTCCCGCCCCTGTTTTTTCTCCCAGCGACCCCACGTGAAATGTCTCCCCCTCCTCCTCCAGCCGCCAGCATAAGGGACTGCCTTCCCCTCAGTGTTCGCCCCTCCCTGGTGATCACTTAGTCCCCCTGAGTAGTGAGTCTCATTCTTTTCAGTAAATCCTCTCACTGCAGTGGTGAGAAAACAGGCCTGGGAAGGCTCTGCGACCTGCCTAGGACCACGGAACTCGGTACTAGGAAAACTCCTATTTTAAAATCCACTCCTGAGTGAGAAGATTTTGGAACAATCGTTAAAATTGAGAGAGGGAGAAAGGGGATTAGGTGAGAGTGGTGCCCCCGCTCATGTCCGCCCCCTCCCCGCAGAGAATTACCTGTACCAGGGACGGCAGGAATGCTACGCGATTAACGGGACACAGCGCTTCCTGGAGAGACACATCTACAACCGGGAGGAGTTCATGCGCTTCGACAGCGACGCCGGGGAGTACCGGGCGGTGACAGAGATGGGACGGCCTAGTGCGGAATACTGGAACAGCCAGAAGGACCGCCTGGAGGAGAAGCGGGCCGAGGTGGACAGGGTGTGCAGACATAACTACGAGGGGCACGAGGCAGTGACCCTGCGGCGCCGAGGTGAGTGAAGGCTTTGGGCTGGGGATCCCAGGGCAGCCTCGGGGGCCTGTGCCCAGGGCGCAGACGCAGCCGGGCCGGCTTAAGGGACCTTAGTGCCAGACGGAAAGGGGACTTTGGGCTCGGGATTCATGGGGGAGCTTGTCAGGGGAGGGAGCGTGCGGACCTGGACTGGGCTGAGCATGGAGTGAGGAGGATGGGAGCAGAGAGACCCCCTGGACTTCGTCAGGCCTGGCAGCTGACTGCATGTGGGATGAGGGGAAAGGAGGTCACAGGAGAGCCTGCAGGGGTGTGGTGTGGAGATGGAGGTGGAGATGGCACAGCAGGCCAGGCAGAGAAGAAACCTGCGGAGACGGCTGGGTTTGAGATACTTGAGGGGCCAGATGGATGGTCTG,Mamu_MiSeq-IPD_17.06.01_2.2.0.0_plus_SP.fasta
25718,r02031,"04_Mamu_B_098g2|B_098_06_01,_B_098_06_02,_B_098_06_03,_B_098_07,_B_098_08",r02031_NODE_26_length_1028_cov_26.672586,TGGGGAGGCGCAGAGTTGGGGATTCCCCACTCCCCTAGTTTCACTTCTTCTCCCAACGGAGTCTGGTCCTTCTTCCAGGATACTCGTGGCGCTCCCAGTTCCCACTCTCATTGGGTGTCGGATGTCTAGAGAAGCCAATCAGCGTCGCCGCGGTCTCAGTTCTAAAGTCCTCACGCGCCCACCCGGGCTCAGAGTCTCCTCAGACGCCGAGATGCGGGTCATGGCGCCCCGAACCCTCCTCCTGCTGCTCTCGGGGGCCCTGGCCCTGACCGAGACCTGGGCCGGTGAGTGCGGGGTCGGGAGGGAAAGGGCCTCTGCGGGGAGGAGCGAGGGGACCGCAGGCGGGGGCGCAGGACCCGGGGAGCCGCGCGGGGAGGAGGGTCGGGCGGGTCTCAGCCTCTCCTCGCCCCCAGGCTCGCACTCCATGAGGTATTTCAGCACTACCGTGTCCCGGCCCGGCCGCGGGGAGCCCCGCTTCATCGTCGTGGGCTACGTGGACGACACGCAGTTCGTGCGGTTCGACAGCGACGCCGCGAGTCCGAAGATGGAGCCGCGGGCGCCGTGGATGGAGCAGGAGGGGCCGGAGTATTGGGAAGAGCAGACACGGAGAGTCAAGGACGCCGCACAGACTTTCCGAGTGAGCCTGGGGAACCTGCGCGGCTACTACAACCAGAGCGAGGCCGGTGAGTGGCCCCGGCCCGGGGCGCAGGTCACGACCCCTCCCCACCCCCCACGGACGGCCCGGGTCTCCCCGAGTCTCCGGGTCCGAGATCCGCCCCGAGGCTGCGAGACCCGCCCAGACCCTCGACCGGGGAGAGCCCCAGGCACCTTTGCCCGGTTTCATTTTCAGTTGAGACCGAAATGCCCGCGGGGTGGTCGGGGCGGGGCGGGGCGGGGCTCGGGGGACGGGTCTGACCGCGGGGGCGGGGCCAGGGTCTCACACCCTCCAGACAATGTCTGGCTGCGACCTGGGGCCCGACGGGCGCCTCCTCCGCGGGTATTACCAGCAAGCCTACGACGGCAGGGAT,Mamu_MiSeq-IPD_17.06.01_2.2.0.0_plus_SP.fasta
25718,r02031,"04_Mamu_B_092g|B_092_01,_B_092_02,_B_092_03",r02031_NODE_27_length_1020_cov_20.493841,CTTGGGGAGGCGCAGAGTTGGGGATTCCCCACTCCCCTAGTTTCACTTCTTCTCCCAACCTGTGTCGGGTCCTTCCTCCAGGATACTCGTGATGCGTCCCAGTTCCCACTCTCATTGGGTGTCGGATGTCTAGAGAAGCCAAGCAGCGTCGCCGCGGTCTCAGTTCTAAAGTCCCCACGCGCCCACCCGGACTCAGTCTCCTCAGACGCCGAGATGCGGTCATGGCGCCCCGAACCCTCCTCCTGCTGCTCTCGGGGGCCCTGGCCCTGACCGAGACCTGGGCCGGTGAGTGCGGGGTCGGGAGGGAAATGGCCTCTGCGGGGAGGAGCGAGGGGACCGCAGGCGGGGGCGCAGGACCTGGGGAGCCGCGCGGGGAGGAGGGTCGGGCGGGTCTCAGCCTCTCCTCGCCCCCAGGCTCGCACTCCTTGAGGTATTTCGGCACCGGCGTGTCCCGGCCCGGCCGCGGGGAGCCCCGCTTCATCGCCGTGGGCTACGTGGACGACACGCAGTTCGCGCGGTTCGACAGCGACGCCGCGAGTCCGAGGGCGGAGCCGCGGGCGCCGTGGATGGAGCAGGAGGGGCCGGAGTATTGGGAAGAGCAGACACGGATCGCCAAGGCCAACGCACAGACTGACCGAGTGGGCCTGGGGACCCTGCGCGGCTACTACAACCAGAGCGAGGGGGGTGAGTGGCCCCGGCCCGGGGCGCAGGTCACGACCCCTCCCCATCCCCCACGGACGGCCCGGGTCGCCCCGAGTCTCCTGGTCCGAGATCCGCCCCGAGGCCACAGGACCCGCCCAGATCCTCGACCGGGGAGAGCCCCAGGCGCCTTTACCCGGCTTCATTTTCAGTTGCGGCCAAAATCCCCGGGGGTTGGTCAGGGCGAGGCGGGGCTCGGGGGACTGTACTGACCGCGGGGGCGGGGCCAGGGTCTCACACCATCCAGTGGATGTTTGGCTGCGACCTGAGGTCCGACGGGCGCCTCCTCCGCGGGTATCACCAGTCCGCCTACGACGGCAA,Mamu_MiSeq-IPD_17.06.01_2.2.0.0_plus_SP.fasta
25718,r02031,"03_Mamu_B_073g|B_073_01,_B_073_02",r02031_NODE_28_length_994_cov_15.642445,TAGAGAAGCCAATCAGCGTCGCCGCGGTCTCAGTTCTACAGTCCGCACGCGCCCACCCGGGCTCAGAGTCTCCTCAGACGCCGAAATGCGGGTCGTGGCGCCCCGAACCCTCCTCCTGCTGCTCTCGGGGGCCCTGGCCCTGACCGAGACCTGGGCCGGTGAGTGCGGGGTCGGGAGGGAAACGGCCTCTGCGGGGAGGAGCGAGGAGACCGCAGGCGGGGGCGCAGGACCCGGGGAGCCGCGCGGGGAGGAGGGTCGGGCGGGTCTCAGCCTCTCCTCGCCCCCAGGCTCCCACTCCTTGAGGTATTTCAGCACCACCGTGTCCCGGCCCGGCCGCCGGGAGCCCTGGTATCTCGAAGTCGGCTACGTGGACGACACGCAGTTCGTGCGGTTCGACAGCGACGCCGAGAGTCCGAGGATGGAGCCGCGGGCGCCGTGGATGGAGCAGGAGGGGCCGGAGTATTGGGAAGAGGAGACACGGACCGCCAAGGCCAACACACAGACTGAGCGAGTGAACCTGCGGACCGCGCTCCGCTACTACAACCAGAGCGAGGGGGGTGAGTGGCCCCGGCCCGGGGCGCAGGTCACGACCCCTCCCCTCCCCCACGGACGGTCCGGGTCTCCCCGAGTCTCCGGGTCCGAGATCCGCCCCGAGGCCGCGGGACCCGCCCAGACCCTCGACCGGGGAGAGCCCCAGGCGCCTTTACCCGGTTTCATTTTCAGTTGAGGCCAAAATCCCCGAGGGTTGGTCGGGGCGGGGCGGGGCTCGGGGGACTGCACTGACCGCGGGGGCGGGGCCAGGGTCTCACACCATCCAGAGGATGTACGGCTGCGACCTGGGACCCGACGGGCGCCTCCTCCGTGGGTACCGGCAGGACGCCTACGACGGCAAGGATTACATCGCCCTGAACGAGGACCTGCGCTCCTGGACCGCCGCGGACATAGCGGCTCAGAACACCCAGCGCAAGTGGGAGGGGGACCGTTATGCGGAGCA,Mamu_MiSeq-IPD_17.06.01_2.2.0.0_plus_SP.fasta
25718,r02031,20_Mamu_DRB6_01_07N,r02031_NODE_29_length_978_cov_9.780259,ATCCTTGGTAATTTTCCCGCCTGGTCCCCCAAACACCTGTAGGCCTCAGGAAGACGGAGGATGAGTCCCTGGGCTGTGCGTGGTCAGGGTTGCAGGTGGGGCAGATCAAGGTTCCCAGGCCCCGCGCCCCGCCCAGAGAACCCTGGATGGCGGCGTCGCTGTCAGTGTCTTCCTCGGAGGCCATCCCTGTGACTGGATCGTTCGTGTCCCCACAGCAGGTTTCTTGGAGCAGGCTAAGTGTGAGTGTCATATCTTCAATGGGTCTGAGCAGGTGCAGTACCTGAACAGAAACATCCATAAACGGGGGGAGAACCTGGGCTTCCACAGCGACGTGGGGGAGTTCCAGGCGGTGACGCAACTGGGGCGGCCTGTCACAGAGTTACAATTACCGGGTTTTTGAGAGCTTCACAGTGCAGCGATGAGGTGAGAGCGGCGGGGGGCAGGGCCTGAGTCCCTGTGAGCTGGGAATCTGAGAGTGTGTGTGTGTATCTGTGTGTGTGTGTATGTGAGAGAGAGAGAGAGAGCGCCATCTGTGAGCATTTAGAGTCCTCTCTATCCTGAGGAAGCAGTTCTGAGAGCACAGGTGTGTGTAGAGTGTGGATTTGTCTGTGTGTCTGTTGTGGGAGGGGAAGCAGGAGGGGGCTTCTTCTAATCCTTGGAGGCCTCTGTGGGGAGGTGACATGGGAGGTGGGAGCAGGTGGCTGGAGAGAGAGGAGACCTTGATTGTCCTGGATCCTTAAAGATGCAGGGAAGGGAAGTGTAAGGTGTATGTGGTTGGGGTGAAAGTTTAGGGGAGGAGAGCTGAGGGGTATGGAAGCTTCGGGATAACGTGAGGGGGCCAGTTCCAGACTGTCCCTGGCACACACCCTTCATGTAATCTCTGAAATAAAAGTGCATGGTGTTTGTCTGCGAAAGCATTAGATTAACTTCTAAGGGAACTGAGGAGACCTCTGAGGCAATTCTGAAGCTTCTTTAGGT,Mamu_MiSeq-IPD_17.06.01_2.2.0.0_plus_SP.fasta
25718,r02031,"03_Mamu_B_015g2|B_015_04_01,_B_015_04_02,_B_015_05",r02031_NODE_30_length_938_cov_11.734895,GTTCTAAAGTCCCCACGCAATCACCAGGGCTCAGAGTCTCCTCAGACGCCGACATGCGGGTCATGGCGCCCCGAACCCTCCTCCTGCTGCTCTCGGGGGCCCTGGCCCTGACCGAGACCTGGGCCGGTGAGTGCGGGGTCGGGAGGGAAATGGCCTCTGCGGGGAGGAGCTAGGGGACCGCAGGCGGGGGCGCAGGACCCGGGGAGCCGCGCGGGGAGGAGGGTCGGGCGGGTCTCAGCCTCTCCTCGCCCCCAGGCTCGCACTCCATGAGGTATTTCACCACCGTCATGTCCCGGCCCGACCGCCGGGAAGCCTGGTATCTCGAAGTCGGCTACGTGGACGACACGCAGTTCGTGCGGTTCGACAGCGACGTCGAGAGTCCGAGGATGGAGCCGCGGGCGCCGTGGGTGGAGCAGGAGGGGCCGGAGTATTGGGAAGAGCAGACACGGAACTCCAAGGGCCACGCACAGACTCACCGAGTGAACCTGCGGACCGCGCTCCGCTACTACAACCAGAGCGAGGCCGGTGAGTGGCCCCGGCCCGGGCGCAGGTCACGACCCCTCCACATCCCCCACGGACGGCCCGGGTCTCCCCGAGTCTCCGGGTCCGAGATCCGCCCCGAGGCCGCGGGACCCGTCCAGACCCTCGACCGAGGAGAGCCCCAGGCGCCTTTACCCGGTTTCATTTTCAGTTGAGGTCAAAATCCCCGCGGGTTGGTCGGGGCGGGGCGGGGCTCCGGGGACCGGCTGACCGCGGGGGCTGGGCCAGGGTCTCACACCATCCAGAGGATGTACGGCTGCGACCTGGGGCCGGACGGGCGCCTCCTCCGCGGGTATGACCAGTTCGCCTACGACGGCAAGGATTACATCGCCCTGAACCAGGACCTGCGCTCCTGGACCGCCGCGGACATGGCGGCTCAGAACACCCAGCGCAAGTGG,Mamu_MiSeq-IPD_17.06.01_2.2.0.0_plus_SP.fasta
25718,r02031,"06_Mamu_I_01g1|I_01_01_01,_I_01_01_02,_I_01_01_03,_I_01_01_04,_I_01_02_02,_I_01_04,_I_01_05,_I_01_06_01,_I_01_06_02,_I_01_06_03,_I_01_06_04,_I_01_06_05,_I_01_06_06,_I_01_06_07,_I_01_06_09,_I_01_06_10,_I_01_06_12,_I_01_06_13,_I_01_06_16,_I_01_06_17,_I_01_06_18,_I_01_06_19,_I_01_06_20,_I_01_08,_I_01_09,_I_01_09_01,_I_01_09_02,_I_01_09_03,_I_01_09_04,_I_01_09_06,_I_01_09_07,_I_01_09_08,_I_01_16,_I_01_18,_I_01_20_03,_I_01_21,_I_01_24,_I_01_25,_I_01_26_01,_I_01_26_02,_I_01_27,_I_01_28,_I_01_30,_I_01_31,_I_01_33_01,_I_01_33_02,_I_01_35,_I_01_36,_I_01_38_01,_I_01_38_02,_I_01_40,_I_01_41,_I_01_43,_I_01_44,_I_01_45,_I_01_46",r02031_NODE_31_length_900_cov_23.852523,CAGGATACTCGTCACGCGTCCCCAGGTCCCACTCTCACTGGGTGTCGGATGTCTAGAGAAGCCAATCAGCGTCGCCGCGGTCTCAGTTCTAAAGTCCCCACCCGCCCATCCGGACTCAGAGTCTCCTCAGACGCCGAGATGCGGGTTATGGCGCCCGGAACCCTCCTCCTGCTGCTCTCGGGGGCCCTGGCCCTGACCGAGACCTGGGCCGGTGAGTGCTGGGCCGGGAGGGAAAAGGACTCGGCGGGAGGGGCGAGGGGACCGCAGGCGGGGGCGCAGGACCCGGGGAGCCGCGCGGGGAGGAGGGTCGGGCGGGTCTCAGCCTCTCCTCGCCCCCAGGCTCGCACTCCTTGAGGTATTTCGGCACCACAGTGTCCCGGCCCGGCCGCGGGGAGCCCCGCTTCATCGCCGTGGGCTACGTGGACGACACGCAGTTCGTGCGGTTCGACAGCGACGCCGAGAGTCCGAGGATGGAGCCGCGGGCGCCGTGGATGGAGCAGGAGGGGCCGGAGTATTGGGAAGAGGAGACACGGATCGCCAAGGCCCGCGCACAGACTGAGCGAGGGAACCTGCGGACCGCGCTCCGCTACTACAACCAGAGCGAGGGGGGTGAGTGACCCCGGCCCGGGGCGCAGGTCACGACCCCTCCCCACCCCCGACAGACGGCCCGGGTCTCCCCGAGTCTCAGGCTCCGAGATCCGCCCCGAGGCCGCGGGAACCGCCCAGACCCTCGACCGGAGAGAGCCCCAGGCTCCTTTATCCGGTTTCATTTTCAGTTGCCGCCAAAGTCCCCGCGGGGTGGTCGGGGCGGGGCGGGGCTCGGTGGGCGGGGCTGACCGCGGGGGCGGGGCCAGGGTCTCACACCCTCCAGAAGATGTGTGGCTGCGACCTGGGGCCGGA,Mamu_MiSeq-IPD_17.06.01_2.2.0.0_plus_SP.fasta
25718,r02031,04_Mamu_B11L_01_12,r02031_NODE_32_length_890_cov_55.348624,TGCACTGGGCAGGCGCTGCGTTTGGGATTCCCCACTCCGCTGAGTTTCACTTCTCCCAACCTGTGTTGGGTCCTTTTTACAGGACTCTCGTGACGCGGCCCCAGTTCCCACTCCCATTGGGTGTCGGATTCTAGAGAAGCCAATCAGGGTCTCTGCGGTCCGGCTTCTAAAGTTCCCACTCAGACTCACACTCTCCCCGGACGCCTAGGATGGGGTCATGGCGCCTCGAGCCCTCCTCCTGCTGCTCTCGGGGGCCCTGGCCCTGACCGAGACCTGGGCCGGTGAGTCCGGGGTCGGGAGGGAGACGGCCTCGGCGGGGAGGAGCGAGGGGTCCGCCCGACGGGGGCGCAGGACCCGGGGAGCCGCGCGGGGAGGAGGGTCGGGCGGGTCTCAGCCCCTCCTCGCCCCCAGGCTCCCACTCCATGAGGTATTTCCACACCGCCGTGTCCCGGCCCGGCCGCGGGGAGCCCCGCTTCATCTCCGTGGGTTACGTGGATGACACGCAGTTCGTGCGGTTCGACAGCAACGCCGCGAGTCCGAGGATGGAGCCGCGGGCGCCGTGGATAGAGCAGGAGGGACCAGAGTATTGGGACCGGGAGACACAGAAAGCCAAGGCCCACGCACAGGTTTTCCGAGTGAACCTGCGCACAGCGCTTCGCTACTACAACCAGAGCGAGGCCGGTGAGTGACCCGGCCCGGGGCGCAGGTCACGACCCCTCCCCATGCCCCACGGATGGCCCGGGTCCGAGATCCACCCCGAGGCAGCAGGACCAGCCCAAGACCCTCGACCTGGGAGTGTCGCGGGCGCCTTTGCTCGGTTTCAGTTTCAGTTTAGGCCGAAATCCCCAAGGGTTGGTCGGGGCGGGGCGGTGCTCAGTGGGCGGGGCTGA,Mamu_MiSeq-IPD_17.06.01_2.2.0.0_plus_SP.fasta
25718,r02031,19_Mamu_G_02_SP_exp13258_ctg17_21171_157bp,r02031_NODE_33_length_862_cov_23.376871,AGTTTCTCTCCTTCTCCCAACCTGTGTCGGGTCCTTCTTCCTGGATTCTCACCGGGCGACTCCAGTTCTCACTCCCATTAGGTAACAGGTTTTTAGAGAAGCCAGAGTCGCCGCGGTCCCGGTTCTAAAGTCCTCGCTCACCCACTCGGACTCAGATTCTCCCCAGACGCCACGGATGGTGGTCATGGCGCCCCGAACCCTCCTCCTGCTGCTCTCGGGGGCTCTGGCCCTGACAGACACCTGGGCGGGTGAGTGCGGGATCGGGAGATGGCCTCTGCGCGGAGGGGCCAGGGGCCCGCCCGACGGTGGTGCAGGACCCGGGGAGCCGCGCGGGGAGGAGGGTCGGGCGGGTCTCAGCCCCTCCTCGCCCCCAGGCTCCCACTCCATGAGGTACTTCAGCGCTGCCGTGTCCCGGCCTGGCCGCGGGGAACCCCGCTTCATCGCGGTGGGCTACTTGGACCACACGCAGTTCGTGCGGCTCGATAGCTACGCTGCGAGTCCGAGGATGGAGCCGCGGGTGCCGTGGGTGGAGCAGGAGGGGCCGGAGTATTGGGAAGAGGAGACACGGATCGCCAAGGCCCACGCACACACTGACAGAGTGAACCTGCGGACCCTGCGCAGCTACTACAACCAGAGCGAGGCCGGTGAGTGACCCCGGCCCGGGGCGCAGATCACGACCCCCCACCTCCATGCCCTACGGACGACCGGGGTACTCCCGAGTCTCCAGGTCTGAGATCCACCCCGAGGCCGCGGGACTCGCCCAGACCCTCTACCTGGGAGAAGCCCACGCGCCTTTACCAAAATTCCTGCGGGTTGGTCCGGGAGGGGGCGAGGTTCGGCGGGCGGGGCTGACCGAGGGGGC,Mamu_MiSeq-IPD_17.06.01_2.2.0.0_plus_SP.fasta
25718,r02031,21_Mamu_B_078_SP_exp13258_ctg97_1748_157bp,r02031_NODE_34_length_854_cov_19.305365,AAAGGCTGAGTATTGATTGGGGAGGCCCAGCGTTGGGGATTCCCCATCTCCGCAGCGTTTCTCTTCTCCCTCTCCCAACCTATGTAGGGTCCTTCTTCCTGGATTCCCTGTTCTGAAGTCCCCGGGAACCCATTGGGACTGATTCTCCCCAGACCCCAAGGAGGGGGTCATGGCGTCCCGAACCCTCCTCCTACTGCTCTCGGGTACCCTGGCCCTGACCGAGACCTGGGAGGGTGAGTGCGGGATCCAGAGGGAAATAGCCTCTGCCAAGAGGAGCGAGGGGCCCGCGCAGCTGGGGCGCAGGACCCGGGGAGCCGCGCCAGGAGGAGGATCGAGAGGGTCTCAGCCCCTCAGCGCCCCCAGGTTCCCACTCCATGAGGTATTTCAGCACCGCCTTGTCCCGGCCCGGCCGCGGGGGCCCCGCTTCATTGCCGTGGGCTACGTGGACAACACGCAGTTCGTGCGGTTCGACAGCGACGCGGCGAGTCCGAGGATGGAGCCGCGGGCGCCGTGGGTGGAGCAGGAGCGGCCGGAGTATTGAGACCGGAGCACACGGAACATCAAGGCCCACGCACAGACTGACAGAGGGAACCTGCAGACCCTGCTCCGCTACTACAACCAGAGCAAGGCCGCTGAGTCACCCCGGCCCGCAGCACAGGTCACGACTCTTCCCCATCCGCACTGACCGCCCGGATCCCCCTGAGTCTCCGGCTCCGAGATCCACCCCGAGGCTGTGGGACCAGCCCAGATCCTCGACCGGGGAGAGCCCCAGGCGCCTTTACCGGGTTTCATTTTCAGTTTAGGCCAAAATCCCCGCGGGTTGGTCGGGGCGGGGGCGGGGCTTGGTGGGCGGG,Mamu_MiSeq-IPD_17.06.01_2.2.0.0_plus_SP.fasta
25718,r02031,04_Mamu_B17_01_SP_exp13258_ctg42_6290_157bp,r02031_NODE_35_length_846_cov_11.598053,CTGTGGGGTTTCTAGAGAAGCCAATCAGTGTTGTCCCGGTCCTGGTTCTAAAGTCCTCAGTCAACCACCGGGACTCAGATTCTCCCCAGAAGCCAAAGATGCGGTCATGGTGCCCCGAACCCTCCTCCTGCTGCTCTCGGGGGCCCTGGCCCTGACCGAGACCTGGGTGGGTGAGTGCGGGGTCTGGAGGGAAATGGCCTCTGCAGGGAGGAGCGAGGGGACCAACGGCCCGGCTGGGGCGCAGGACTCGGGGAGCCGCGCCGGGAGGAGGGTCGGTGGGGGGCCTCAGCCTCTCCTCGTCCCCAGGCTCCCACTCCTTGAGGTATTTCAGCACCGCTGTCTCCCGGCCCGGCCGCGGGGAGCCCTGGTACCTCGAAGTCGGCTACGTGGACGACACGCAGTTCGTGCGGTTCGACAGCGACGCGGCGAGTGCGAGGATGGAGCCGCGGGCGCCGTGGATGGAGCAGGAGGGGCCGGAGTATTAGGACCGGAACACACGGAACGCCAAGGTCAACGCAGAGACTTTCCGAGGGGACTTGAGGAACCTGCTCCGCTACTACAACCAGAGCGAGGCAGGTGAGTGACCCCGGCCTGGGGCGCGGGTCAGGACCTCTCCCCATCCCCCACGGACGGCCCGAGTTCCCCGGAGTCTTTGGGTCTGAGATCCACCCCGAGGCTGCGGGACCCGCCCAGACCCAGGATCCAGGAGAGCCCCAGGCGCCTTTACCCGGTTTCATTTTCAGCTTAGGCCACAATCCCCGAAGGTTGGTCGGGGCGGGGACGGGAATCGGTGGGGAGGCCTGACCGCAGGGGCGGGGCCAGGGTCTCACACCTTCCAGTGGATGT,Mamu_MiSeq-IPD_17.06.01_2.2.0.0_plus_SP.fasta
25718,r02031,"03_Mamu_B_068g1|B_068_01_02,_B_068_01_03,_B_068_02_01,_B_068_02_02,_B_068_05",r02031_NODE_36_length_839_cov_13.448034,CTCCAGTAGTTTCACTTCTTCTCCCAACCTGTGTCGGGCCCTTCCTCCAGGATACTCGTGACGCGTCCCCAGTTCCCACTCTCATTGGGTGTCGGATGTCTAGAGAAGCCAATCAGGGTCGCCGCGGTCCCCGTTCTACAGTCCCCACCCGCCCATCCGGGCTCAGAGTCTCCTCAGACGCCGAGATGCGGGTCATGGCGCCCCGAACCCTCCTCCTGCTGCTCTCGGGGGCCCTGGCCCTGACCGAGACCTGGGCCGGTGAGTGCGGGGTCGGGAGGGAAATGGCCTCTACAGGGAGGAGCAAAGGAACCGCAGGCGGGGGCGCAGGGCCCGGGGAGCTGCGCGGGGAGGAGGGTCGGGCGGGTCTCAGCCTCTCCTCGCCCCCAGGCTCGCACTCCTTGAGGTATTTCAGCACCGCCGTGTCCCGGCCCGGCCGCCGGGAACCCTGGTATGTCGAAGTCGGCTACGTGGACGACACGCAGTTCGTGCGGTTCGACAGCGACGCCGAGAGTCCGAGGATGGAGCCGCGGGCGCCGTGGATGGAGCAGGAGGGGCCGGAGTATTGGGACCGGAACACACGGAGAGCCAAGGGCCACGCACAGACTCACCGAGGGAACCTGCGGACCCTGCTCCGCTACTACAACCAGAGCGAAGGGGGTGAGTGGCCCCGGCCCGGGGCGCAGGTCACGACCCCTCCCCACCCCCCACGGACGACCCGGGTCTCCCCGAGTTTCCGGGTCCGAGATCCGCCGCGGGGCCCGCCCAGACCCTCGACCGGGGAGAGCCCCAGGCGCCTTTACCCGGTTTCATTTTCACTTGAGGCCTAAATCCCAGCGGGT,Mamu_MiSeq-IPD_17.06.01_2.2.0.0_plus_SP.fasta
25718,r02031,04_Mamu_B11L_01_SP_exp13258_ctg94_1806_157bp,r02031_NODE_37_length_827_cov_10.292857,AATCAGTGTGGCCGCGATCCCGGCACTAGTGTACCCGCGCACCCACCGGGACTCAGATACTCCCCAGGCGCGGAGGATGCAGGTCATGGCGCCCGAACCACCTTCCTGCTGCTCTCGGGGGCCCTGGCCCTGACCGAGACCTGGGCCGGTGAGTGCGGGGGCTGGAGGGAAAGGGCCTCTGCAGGGAGGAGCGAGGGGCCCTCCCGGCGGGGGCTCAGGACCGGGAAGCCGCGCCGGGAGAAGGGTTGGGTGGGTCTCAGCCCCTCCTCGCGCCCAGGCTCCCACTTCATGAGGTATTTGAGCACCGCCGTGTCCCGGCCCGGCCGTGGGGAGCCCCGCTTCATCTCCGTGGGCTACGTGGACGACACGCAGTTCGTGCGGTTCGACAGCGGCGCGGTGAGTCCGAGGATGGAGCCGCGGGCGCCGTGGGTGGAGCAGGAGGGGCTGGAGTATTGGGACCGGGATACACGGAACGCCAAGGGCCACGCACAGATTTCCCGAGAGAACCTGCGGACCCTGCTCGGCTACTACTACCAGAGCGAGGCCGGTGAGTGGCCCCAGCCCGGGGCGCAGGTCACCATCCCTCCCCATCCCCCACGGACGGCCCAGATCCCCCAGAGTCTCTGGGTCTGAGATCCACCCAGAAATGGGTGGATCTGGACCTGGCCAGACTCTCGACCAGGGAAGAAACTTGGGCGCCTTTACTCGGTTTAATTTCCAGTTTAGGCCAAAATCCTTGCGGGTTGGTCGGGGCGGGAGCGGGGCTCGGTGTTCAGGGCTGACCGCGGGGGCGAGGCCATGGTTCTCACACCATTCAGAGGATGCAT,Mamu_MiSeq-IPD_17.06.01_2.2.0.0_plus_SP.fasta
25718,r02031,"17_Mamu_F_01g2|F_01_03,_F_01_05",r02031_NODE_38_length_799_cov_9.043155,TGCGGAGTTTCTAGAAAAGCCAATCAGTGTCGCCGCGTTCCGGTTCTGAAGTCCCCACGCACCCTCCGGGACTCAGATTCTCCCCAGACGCGGAGGTTGGGGTCATGGCGCCCCGAACCCTCCTCCTGGTGCTCTCAGGGGCCCTGGCCCTGACCGAGACCTGGGCGGGTGAGTGCGGGGTCGGGAGGGAAAGGGTCTCTGCGGGGAGAAGCGAGGGGCCCGTAAGGCGGGGGCGCAGGACCTGGGGAGTTGCGCCCAGAGGAAGGTCGGGCGGATCTCAGCCCCTCCTCGCCCCCAGGCTCCCACTCCTTGCGGTATTTTAGCACCGCTGTGTCGCGGCCCGGCCGCAGGGAGCCTCAGTACAGGTACATCGCGGTGGAGTACGTGGACGACACGCAGTTCCTGCGGTTCGACAGCGACGCCGCGATTCCGAGGATGGAGCCGCGGGAGCCGTGGGTGGAGCAAGAGGGGCCGCAGTATTGGGAGCGGACCACAGGGTACGCCAAGGCCAACGCACGGACTGACCGAGTGGCCCTGAGGAAGCTGCTCCTCCGCTACAACCAGAGCGAGGCAGGTGAGCGACCCCGACCAGGGGCGCGGGTCATGACCACTCCCCATCAGCCACGGACCGTCCGGGTCCCCCAGAGTCTCCGGGTCCGAAATCCACCCTGAGGCTGCGGGACCCGCCCAGACCCTCCACCCAGGAGAGTCCCAGGCGCCTTTACCGGGTTTCATTTTCAGTTTAGGCCAAAATCCCGGCGGGTTGGGCGGAGAGAGGGCGCGGCTAGCTAGACCGGGC,Mamu_MiSeq-IPD_17.06.01_2.2.0.0_plus_SP.fasta
25718,r02031,16_Mamu_E_02_SP_exp13258_ctg65_3138_157bp,r02031_NODE_39_length_782_cov_9.966412,ATACTCACCGGGCGGCCCCAGTTCTCACTCCTATTGAGTGTCGGGTTTCTAGAGAAGTCAATCAATGTAGCCACGGTCCCTGTTCTAAAGTTCCCACGCACCCACCAGGACTCCGATTCTTCCCCGTCGCCAAGGATGGGGGCATGGCGCCCCGGACCCTCCTTCCGCTGCTCTGGGGAGCCCTGGCCCTGACCCAGACCTGTGCGGGTGAGTGCGGGGTCGGGAGGGAAACAGCTTCTTTGGGGAGTAGCTAGGGGTCCGTCCGGCGGGGGCGCAGGAACCCGGTTGCGGTGCCGGGAGGAGGGTCGGGGGAGTCTCAGGCCCCTCCTCGCCCCCAGGCTTCCACTCCTTGAGGTATTTCCACACCGCCACGTCCCGGCCCGGCCGCGGGGAGCCCCCGCTTCATCTCCATGGGCTAAGTGGACGACACGCAGTACGTGCGGTTAGACAGCGACGCCGCGAGTCCTAGGATGGAGCCGCGGGCGCCGTGGATGGAGCAGGAAGGGCCGGAATATTGGGAGGAGAAGACAGGGACCGCCAAGAGCAACGCACAGTTTTACCGAATGAACCTGCGGACCCTGAGCGGCTACTAGAACCAGAGCGAGGCCTGTGAGTGACACCGGCCCGGGGCGCAGGTCACTACCCCTGCACATCCTCCACGGACAGTCCGGGTCTCCCCGAGTCTTCGGGTGCGAGATCTACCCGGAGGCCGCGGGATCCGGAGACCCTTGACCGGGGAGCAGCCTAGGAGCCGTTACCCGGTTTCATTTTCAGTTTAGGCC,Mamu_MiSeq-IPD_17.06.01_2.2.0.0_plus_SP.fasta
25718,r02031,17_Mamu_F_01_SP_exp13277_ctg30_2463_157bp,r02031_NODE_40_length_780_cov_27.078101,TAGAGAAGCCAATTAGCGTCGCTCTGACCCGGTTCTAAAGTCCACACGCATCCACCCACCGGGACTCAGAGTCTTCCCAGACGCCGACGATGGGTCATGGCGCCCCGAACCCTCCTCCTGCTGCTCTCGGGAACCTTGGCCCTGACCGAGACCAAGGCGGGTGAGTGCGGGGTCAGGAGGGAAACCGCCTCTGCGGGAGGAGAGAGGAGCAAGGCGCCCTCTGGGCAGGGGCGCAGGACCTGGGGAGCCGCGCGGGGAGGAGGGTCGGGCGGGTCTCAGCCTCTCCGCGCCCCCAGGCTGGCACTCCTTGAGGTATTTCAGCACCGCCTGTGTCCCGGCCCGGCCACGGGGAGCCCCCGCTTCATCGCCGTGGGCTACATGGACGACACGCAGTTCGTGCGGTTCGACAGCGACGCCGCGAGTCCGAGGATGGAGCCGCGGGAGTGGTGGGTGGAGCAGGAGGGGCCTGGAGTATTGGGAGCTGCAGACACTGGGCGCCAAGGCCCAGGCACAGACTGGCTGAGTGAACCTGAGGACCCTGCTCCCATACTACAACCAGAGCGAGGCCGGTGAGTGATCCCCGCCCGGAGCGCATATCACTTACTCCTGGCTTCATGCCTCACGGACGGCCCTGGTCCCCCTGAGTCTCCGGGCCCAAGATCAACCCGAGGCTGCGGGACCTGCAGAGATCCTCGACCCTGGAGAGCCCCAGAAGCCTTTACCCGGTTTCATCTTCAGTTGAGGCCAAAATCTCTGCAGGCTGCTAGGGGCCTGACCGGG,Mamu_MiSeq-IPD_17.06.01_2.2.0.0_plus_SP.fasta
25718,r02031,20_Mamu_DRB6_01_22_est,r02031_NODE_42_length_726_cov_9.844741,CTGCTGAAGGAACCGGTAAAGCCTGTGGGATGAGAGAAGGAGCAGAGAGTGTCTTTGGGGTGGAGGCTCCCAGGAGGAGGTTGCGCGGTCTGCGGTGCTTGGCAGATCCTCCTCCAGCTCCTGCTTGGAGGTCTCCAGAACAGGCTGGAGGCAGGGAGGGGATCCCAAAAGCCTTGGAATCAGTGGTAGTTTTCCCGCCTGGTCCCCCAAACCCCTGTACGCCTCGGGAAGACAGAGGATGAGCCCCTGGGCTGTACGTGGTCAGGGTTGCAGGTGGGGCGGATCAAGGTTCCCAGCGCCCGTACCCCGCCCAGGGAGCCCTGGATGGCGGCGTCGGTGTCAGTGTCTTCCTCGGAGGCCATCCCTGTGACTGGATCGTTCGTGTCCCCACAGCAGGTTTCTTGGAGCAGGCTAAGTGTGAGTGTCATATCTTCAATGGGACTGAGCGGGTGCGGTACCTGAACAGATACATCCATAAACGGGAGGAGAACCTGCGCTTCCACAGCGACCTGGGGGAGTTCCAGGCGGTGTCGGAACTGGAGTGGCCTGTCGCAGAGAACTGGAACAGCCGGATGGGCATCCTGGAGAAGCGGGACAAGGTGGACATCTACTGCAGATACAATTATAGGGTTTTTGAGAGCTTCACAGAGCAGCGATGAGGTGAGAGTGGTAGGTGGGGGGCCCTGAGTCCCAGTGAGCTGGAAATCTGAGTGTGTGTGTGTGTGT,Mamu_MiSeq-IPD_17.06.01_2.2.0.0_plus_SP.fasta
25718,r02031,"04_Mamu_B_072g1|B_072_01_01,_B_072_01_02,_B_072_01_03,_B_072_01_04,_B_072_01_05,_B_072_02,_B_072_04,_B_072_08",r02031_NODE_43_length_714_cov_37.229983,TCAGACACCGAGATGCGGGTCATGGCGCCCCGAACCCTCCTCCTGCTGCTCTCGGGGGCCCTGGCCCTGACCGAGACCGGGGCCGGTGAGTGCGGGGTCGGGAGGGAAACGGCCTCTGCGGGGAGGAGCGAGGGGACCGCAGGCGGGGGCGCAGGGCCCGGGGAGCCGCGCGGGGAGGAGGGTCGGGCGGATCTCAGCCTCTCCTCGCCCCCAGGCTCGCACTCCATGAGGTATTTCATCACCGGCGTGTCCCGGCCCGGCCGCGGGGAGCCCCGCTTCATCGCCGTGGGCTACGTGGACGACACGCAGTTCGTGCGGTTCGACAGCGACGCCGAGAGTCCGAGGATGGAGCCGCGGGCGCTGTGGATGGAGCAGGAGGGGCCGGAGTATTGGGAAGAGGAGACACGGAAAGTCAAGGAGACCGCACAGACTTTCCGAGTGAGCCTGGGGAACCTGCGCGGCTACTACAACCAGAGCGAGGCCGGTGAGTGACCCCGGCCCGGGGCGCAGGTCACGACCCCTCCCCATCCCCCACGGACGGGTCGCCCCCAGTCTCCGGGTCCGAGATCCGCCCTGAGGCCGCGGGATCCGCCCAGACCCTCTACCAGAGAGAGCCCCAGGCGCCTTTACCTGGCTTCATTTTCAGTTGAGGCCAAAATCCCGGCGGGGTGGTCGGGGCGGGGCGGGGCTTGGGGGACTGTACTGACCGCGGGG,Mamu_MiSeq-IPD_17.06.01_2.2.0.0_plus_SP.fasta
25718,r02031,19_Mamu_G_03_SP_exp13258_ctg58_3573_157bp,r02031_NODE_44_length_714_cov_8.115843,GACGCCAAGGATGGTGGTCATGGCGCCCCGAACCCTCCTGCTGCTGCTCTCGGGGGCTCTGGCCCTGACAGAGACCTGGGCGGGTGAGTGCGGGATCGGGAGATGGCCTCTGCGGGGAGGGGCCAGGGGTCCACCCGACGGTGGTGCAGGACCCGGGGAGCCGCGCGGGGAGGAGGGTCGGGCGGGTCTCAGCCCCTCCTCGCCCCCAGGCTCCCACTCCATGAGGTACTTCAGCGCTGCCGTGTCCCAGCCAGGCCGCGGGGAGCCCCGCTTCATCCCCGTGGGCTACGTGGACTACACACAGTTCGTGTGGCTCGATAGCTACGCTGCGAGTCTGAGGATGGAGCCGCGGGGGCCGTGGGTGGAGCAGGAGCGGCCGGAGTATTGGGAAGAGCAGACATGGATGGCCAAGGCCCACGCACAGACTGACCGAGTGAACCAGCGGACCCTGCGCAGCTGCTACAACCAGAGCGAGGCCGGTGAGTGACCCCGGCCCGGGGCGCAGGTCACGACCCCCCACCTCCATGCCCTACGGACGACCGGGGTACTCCCGAGTCTCCAGGTCTGAGATCCACCCCGAGGCCACGGGACTCGCCCAGACCCTCTACCTGGGAGAAGCCCACGTGCCTTTACCAAAATCCCTGCCGGTTGGTCCGGGAGGGGGCGAGGCTCGGTGGGCGGGGCTGACCGAGGGGCGGGGCCAACCGAGGGGGC,Mamu_MiSeq-IPD_17.06.01_2.2.0.0_plus_SP.fasta
25718,r02031,03_Mamu_B_043_01,r02031_NODE_45_length_672_cov_14.601835,CCCTCCTCCTGCTGCTCTCGGGGGCCCTGGCCCTGACCGAGACCTGGGCCGGTGAGTGCGGGGTCGGGAGGGAAATGGCCTCTGCGGGGAGGAGCGAGGGGACCGCAGGCGGGGGCGCAGGACCCGGGGAGCCATGTGGGGAGGAGGGTCGGGCCGGTCTCAGCCTCTCCTCGCCCCCAGTCTCCCACTCCATGAGGTATTTCAGCACTGCAGTGTCCCGGCCCGGCCGCCGGGAACCCTGGTATCTCGAAGTCGGCTACGTGGACGACACGCAGTTCGTGTGGTTCGACAGCGACGCCGAGAGTCCGAGGATGGAGCCGCGGGCGCCGTGGGTGGAGCAGGAGGGGCCGGAGTATTGGGACCGGAACACACGGAGAGCCAAGGGCAACGCACAGACTGAGCGAGGGAGCCTGAGGACCCTGCTCCGCTACTACAACCAGAGCGAGGGGGGTGAGTGGCCCCGGCCCGGGGAGCAGGTCACCACCCCTCCCCATCCCCCACGGACGGCCCGGGCCTCCCCGAGTTTCCGGGTCCGAGATCCGCCCCGAGGCCGCGGGACCCGCCCAGACCCTCGACCAGGGAGAGCCCCAGACGCCTTTACCCGGTTTCATTTTCAGTTGAGGCCAAAATCCCCGCGGGTTGGGCGGGGAGGGGCGGGGCTCGGTGGGCGGG,Mamu_MiSeq-IPD_17.06.01_2.2.0.0_plus_SP.fasta
25718,r02031,18_Mamu_AG_02_SP_exp13258_ctg1_168597_157bp,r02031_NODE_48_length_453_cov_65.303681,TACGTGGACGACACGCAGTTCGTGCGGTTCGACAGCGACGCCGAGAGTCCGAGGATGGAGCCGCGGGCGCCGTGGGTGGAGCAGGAGGGGCCGGAGTATTGGGACCGGGAGACACAGAACATGAAGAACGCGACACAGACCTACCGAGGGAACCTGCGGACCCTGCTCCGCTACTACAACCAGAGCGAGGCCGGTGAGTGACCTCGGCTCGGGGCTCAGGTCACGACCCCTCCCCATCCCCCACGGACGGCCCGGGTGGCCCCGAGTCTCTGGGTCCCAGATCCACCCCGAAGCCGCGGGACCCGGGGACCCTTGACCCGGGAGAGCCCCAGGAGCCTTTACCCGATTTCCTTTTTAGTTTGGGCCAAAATCCCCGTGGGTTGGTCGGGGCGGGGCGAGGCTCGGTGGGCGGGGCTGACCGCGGGGGCGGGGCCAGGGTCTCACACACTCCAG,Mamu_MiSeq-IPD_17.06.01_2.2.0.0_plus_SP.fasta
25718,r02031,18_Mamu_AG_01_SP_exp13258_ctg15_22616_157bp,r02031_NODE_54_length_255_cov_75.312500,GCCCCCAGGCTCCCACTCCATGAGGTATTTCTACACCGCCGTGTCCCGGCCCGGCCGCTGGGAGCCCCGCTTCATCGCCGTGGGCTACGTGGACGACACGCAGTTCGTGCGGTTCGACAGCGACGCCCAGAGTCCGAGGATGGAGCCGCGGGCGCCGTGGGTGGAGCAGGAGGGGCCGGAGTATTGGGACCGGGAGACACAGAACATGAAGACCGCGACACAGACCTACCAAGGGAACCTGCGGACCCTGCTCCG,Mamu_MiSeq-IPD_17.06.01_2.2.0.0_plus_SP.fasta
25718,r02031,04_Mamu_B16_01_01,r02031_NODE_55_length_255_cov_65.937500,CTCCGTGTCCCGGCCCGGCCGCGGGGAGCCCCGCTTCATCTCCGTGGGCTACGTGGACGACACGCAGTTCCTGCGGTTCGACAGCGACGCCGCGAGTCCGAGGATGGAGCCGCGGGCGCCGTGGGTGTAGCAGGAGGGGCCGGAGTATTGGGACCGGGAGACGCGGAACGCCGAGGGCCACGCACAGACTCACCGAGAGAACCTGCAGACCCTGCTCCGCTACTACAACCAGAGCGAGGCCGGTGAGTGGCCCCG,Mamu_MiSeq-IPD_17.06.01_2.2.0.0_plus_SP.fasta
